Player,Team,Pos,G,MP,FG,FGA,FG%,3P,3PA,3P%,FT,FTA,FT%,ORB,DRB,TRB,AST,STL,BLK,TOV,PF,PTS
Joel Embiid,PHI,C,39,33.6,11.5,21.8,0.529,1.4,3.6,0.388,10.2,11.6,0.883,2.4,8.6,11.0,5.6,1.2,1.7,3.8,2.9,34.7
Luka Doncic,DAL,PG,70,37.5,11.5,23.6,0.487,4.1,10.6,0.382,6.8,8.7,0.786,0.8,8.4,9.2,9.8,1.4,0.5,4.0,2.1,33.9
Giannis Antetokounmpo,MIL,PF,73,35.2,11.5,18.8,0.611,0.5,1.7,0.274,7.0,10.7,0.657,2.7,8.8,11.5,6.5,1.2,1.1,3.4,2.9,30.4
Shai Gilgeous-Alexander,OKC,PG,75,34.0,10.6,19.8,0.535,1.3,3.6,0.353,7.6,8.7,0.874,0.9,4.7,5.5,6.2,2.0,0.9,2.2,2.5,30.1
Jalen Brunson,NYK,PG,77,35.4,10.3,21.4,0.479,2.7,6.8,0.401,5.5,6.5,0.847,0.6,3.1,3.6,6.7,0.9,0.2,2.4,1.9,28.7
Devin Booker,PHO,PG,68,36.0,9.4,19.2,0.492,2.2,6.1,0.364,6.0,6.7,0.886,0.8,3.7,4.5,6.9,0.9,0.4,2.6,3.0,27.1
Kevin Durant,PHO,PF,75,37.2,10.0,19.1,0.523,2.2,5.4,0.413,4.8,5.6,0.856,0.5,6.1,6.6,5.0,0.9,1.2,3.3,1.8,27.1
Jayson Tatum,BOS,PF,74,35.7,9.1,19.3,0.471,3.1,8.2,0.376,5.6,6.7,0.833,0.9,7.2,8.1,4.9,1.0,0.6,2.5,2.0,26.9
De'Aaron Fox,SAC,PG,74,35.9,9.7,20.9,0.465,2.9,7.8,0.369,4.2,5.7,0.738,0.9,3.7,4.6,5.6,2.0,0.4,2.6,2.6,26.6
Donovan Mitchell,CLE,SG,55,35.3,9.1,19.8,0.462,3.3,9.0,0.368,5.0,5.8,0.865,0.8,4.3,5.1,6.1,1.8,0.5,2.8,2.1,26.6
Stephen Curry,GSW,PG,74,32.7,8.8,19.5,0.45,4.8,11.8,0.408,4.0,4.4,0.923,0.5,4.0,4.5,5.1,0.7,0.4,2.8,1.6,26.4
Nikola Jokic,DEN,C,79,34.6,10.4,17.9,0.583,1.1,2.9,0.359,4.5,5.5,0.817,2.8,9.5,12.4,9.0,1.4,0.9,3.0,2.5,26.4
Anthony Edwards,MIN,SG,79,35.1,9.1,19.7,0.461,2.4,6.7,0.357,5.4,6.4,0.836,0.7,4.8,5.4,5.1,1.3,0.5,3.1,1.8,25.9
Tyrese Maxey,PHI,PG,70,37.5,9.1,20.3,0.45,3.0,8.1,0.373,4.7,5.4,0.868,0.5,3.2,3.7,6.2,1.0,0.5,1.7,2.2,25.9
LeBron James,LAL,PF,71,35.3,9.6,17.9,0.54,2.1,5.1,0.41,4.3,5.7,0.75,0.9,6.4,7.3,8.3,1.3,0.5,3.5,1.1,25.7
Trae Young,ATL,PG,54,36.0,8.0,18.7,0.43,3.2,8.7,0.373,6.4,7.5,0.855,0.4,2.3,2.8,10.8,1.3,0.2,4.4,2.0,25.7
Kyrie Irving,DAL,SG,58,35.0,9.7,19.5,0.497,3.0,7.3,0.411,3.3,3.6,0.905,0.8,4.2,5.0,5.2,1.3,0.5,1.8,1.9,25.6
Ja Morant,MEM,PG,9,35.3,8.9,18.9,0.471,1.6,5.7,0.275,5.8,7.1,0.813,0.7,4.9,5.6,8.1,0.8,0.6,3.0,2.1,25.1
Anthony Davis,LAL,C,76,35.5,9.4,16.9,0.556,0.4,1.4,0.271,5.5,6.8,0.816,3.1,9.5,12.6,3.5,1.2,2.3,2.1,2.3,24.7
Damian Lillard,MIL,PG,73,35.3,7.4,17.5,0.424,3.0,8.5,0.354,6.5,7.0,0.92,0.5,3.9,4.4,7.0,1.0,0.2,2.6,1.8,24.3
DeMar DeRozan,CHI,SF,79,37.8,8.2,17.2,0.48,0.9,2.8,0.333,6.6,7.7,0.853,0.5,3.8,4.3,5.3,1.1,0.6,1.7,2.0,24.0
Julius Randle,NYK,PF,46,35.4,8.6,18.2,0.472,1.7,5.3,0.311,5.1,6.6,0.781,2.2,7.0,9.2,5.0,0.5,0.3,3.5,2.7,24.0
LaMelo Ball,CHO,PG,22,32.3,8.3,19.2,0.433,3.2,9.0,0.355,4.1,4.7,0.865,1.3,3.8,5.1,8.0,1.8,0.2,3.8,3.6,23.9
Desmond Bane,MEM,SG,42,34.4,8.6,18.5,0.464,3.3,8.6,0.381,3.3,3.8,0.87,0.9,3.5,4.4,5.5,1.0,0.5,2.7,2.9,23.7
Kawhi Leonard,LAC,SF,68,34.3,9.0,17.1,0.525,2.1,4.9,0.417,3.7,4.2,0.885,1.2,4.9,6.1,3.6,1.6,0.9,1.8,1.4,23.7
Lauri Markkanen,UTA,PF,55,33.1,7.8,16.2,0.48,3.2,8.0,0.399,4.5,5.0,0.899,2.2,5.9,8.2,2.0,0.9,0.5,1.4,1.8,23.2
Jaylen Brown,BOS,SF,70,33.5,9.0,17.9,0.499,2.1,5.9,0.354,3.0,4.3,0.703,1.2,4.3,5.5,3.6,1.2,0.5,2.4,2.6,23.0
Zion Williamson,NOP,PF,70,31.5,8.9,15.6,0.57,0.1,0.3,0.333,5.0,7.1,0.702,1.7,4.1,5.8,5.0,1.1,0.7,2.8,2.3,22.9
Cade Cunningham,DET,PG,62,33.5,8.5,18.8,0.449,1.9,5.4,0.355,3.8,4.4,0.869,0.5,3.8,4.3,7.5,0.9,0.4,3.4,2.5,22.7
Paolo Banchero,ORL,PF,80,35.0,8.0,17.6,0.455,1.5,4.4,0.339,5.1,7.0,0.725,1.0,5.9,6.9,5.4,0.9,0.6,3.1,1.9,22.6
Paul George,LAC,PF,74,33.8,7.9,16.7,0.471,3.3,7.9,0.413,3.6,3.9,0.907,0.5,4.7,5.2,3.5,1.5,0.5,2.1,2.7,22.6
Anfernee Simons,POR,SG,46,34.4,7.8,18.2,0.43,3.4,8.8,0.385,3.5,3.9,0.916,0.5,3.2,3.6,5.5,0.5,0.1,2.7,2.1,22.6
Jaren Jackson Jr.,MEM,C,66,32.2,7.8,17.6,0.444,1.8,5.5,0.32,5.1,6.3,0.808,1.3,4.2,5.5,2.3,1.2,1.6,2.4,3.6,22.5
Dejounte Murray,ATL,SG,78,35.7,8.6,18.8,0.459,2.6,7.1,0.363,2.7,3.4,0.794,0.8,4.5,5.3,6.4,1.4,0.3,2.6,1.8,22.5
Cam Thomas,BRK,SG,66,31.4,8.0,18.0,0.442,2.2,6.0,0.364,4.3,5.1,0.856,0.4,2.8,3.2,2.9,0.7,0.2,1.9,2.1,22.5
Kyle Kuzma,WAS,PF,70,32.6,8.7,18.8,0.463,2.2,6.4,0.336,2.7,3.4,0.775,0.9,5.7,6.6,4.2,0.5,0.7,2.7,2.2,22.2
Karl-Anthony Towns,MIN,PF,62,32.7,7.7,15.3,0.504,2.2,5.3,0.416,4.1,4.7,0.873,1.5,6.8,8.3,3.0,0.7,0.7,2.9,3.3,21.8
Pascal Siakam,2TM,PF,80,33.2,8.5,15.9,0.536,1.1,3.1,0.346,3.6,5.0,0.732,1.7,5.3,7.1,4.3,0.8,0.3,1.8,2.4,21.7
Pascal Siakam,TOR,PF,39,34.7,8.3,16.0,0.522,1.2,3.7,0.317,4.3,5.7,0.758,1.4,4.9,6.3,4.9,0.8,0.3,2.1,2.2,22.2
Pascal Siakam,IND,PF,41,31.8,8.7,15.8,0.549,1.0,2.5,0.386,3.0,4.2,0.699,2.1,5.7,7.8,3.7,0.8,0.4,1.4,2.6,21.3
Victor Wembanyama,SAS,C,71,29.7,7.8,16.7,0.465,1.8,5.5,0.325,4.1,5.2,0.796,2.3,8.4,10.6,3.9,1.2,3.6,3.7,2.2,21.4
Jamal Murray,DEN,PG,59,31.5,8.0,16.7,0.481,2.5,5.8,0.425,2.7,3.1,0.853,0.7,3.4,4.1,6.5,1.0,0.7,2.1,1.8,21.2
Alperen Sengun,HOU,C,63,32.5,8.4,15.6,0.537,0.5,1.8,0.297,3.9,5.6,0.693,2.9,6.4,9.3,5.0,1.2,0.7,2.6,3.3,21.1
Miles Bridges,CHO,SF,69,37.4,8.1,17.5,0.462,2.3,6.5,0.349,2.5,3.1,0.825,1.0,6.3,7.3,3.3,0.9,0.5,2.0,1.7,21.0
Jerami Grant,POR,PF,54,33.9,7.1,15.7,0.451,2.1,5.1,0.402,4.7,5.8,0.817,0.7,2.9,3.5,2.8,0.8,0.6,2.1,2.2,21.0
Jimmy Butler,MIA,PF,60,34.0,6.6,13.2,0.499,1.0,2.4,0.414,6.6,7.7,0.858,1.8,3.6,5.3,5.0,1.3,0.3,1.7,1.1,20.8
Tyler Herro,MIA,SG,42,33.5,7.7,17.5,0.441,3.1,7.9,0.396,2.3,2.6,0.856,0.5,4.8,5.3,4.5,0.7,0.1,2.2,1.5,20.8
Brandon Ingram,NOP,SF,64,32.9,7.8,15.9,0.492,1.3,3.8,0.355,3.8,4.8,0.801,0.7,4.4,5.1,5.7,0.8,0.6,2.5,2.3,20.8
RJ Barrett,2TM,SG,58,31.7,7.5,15.2,0.495,1.6,4.3,0.36,3.6,5.0,0.715,0.9,4.5,5.4,3.3,0.5,0.4,2.2,2.2,20.2
RJ Barrett,NYK,SG,26,29.5,6.3,14.9,0.423,1.7,5.0,0.331,4.0,4.8,0.831,0.7,3.5,4.3,2.4,0.5,0.3,1.8,1.7,18.2
RJ Barrett,TOR,SG,32,33.5,8.5,15.4,0.553,1.5,3.8,0.392,3.3,5.2,0.629,1.1,5.3,6.4,4.1,0.6,0.4,2.5,2.6,21.8
Tyrese Haliburton,IND,PG,69,32.2,7.2,15.2,0.477,2.8,7.8,0.364,2.8,3.3,0.855,0.5,3.4,3.9,10.9,1.2,0.7,2.3,1.1,20.1
Kristaps Porzingis,BOS,C,57,29.6,6.8,13.2,0.516,1.9,5.1,0.375,4.5,5.3,0.858,1.7,5.5,7.2,2.0,0.7,1.9,1.6,2.7,20.1
CJ McCollum,NOP,PG,66,32.7,7.3,16.0,0.459,3.6,8.4,0.429,1.7,2.1,0.827,0.6,3.7,4.3,4.6,0.9,0.6,1.7,1.9,20.0
Scottie Barnes,TOR,SG,60,34.9,7.5,15.7,0.475,1.7,4.9,0.341,3.3,4.2,0.781,2.4,5.9,8.2,6.1,1.3,1.5,2.8,2.0,19.9
Terry Rozier,2TM,SG,61,33.4,7.2,16.4,0.443,2.4,6.7,0.363,2.8,3.2,0.869,0.6,3.5,4.0,5.6,1.0,0.3,1.7,1.7,19.8
Terry Rozier,CHO,SG,30,35.5,8.4,18.3,0.459,2.8,7.7,0.358,3.6,4.3,0.845,0.6,3.3,3.9,6.6,1.1,0.4,2.2,1.7,23.2
Terry Rozier,MIA,PG,31,31.5,6.1,14.5,0.423,2.1,5.7,0.371,2.0,2.2,0.913,0.6,3.6,4.2,4.6,1.0,0.3,1.3,1.6,16.4
Franz Wagner,ORL,SF,72,32.5,7.3,15.2,0.482,1.3,4.6,0.281,3.8,4.4,0.85,1.0,4.3,5.3,3.7,1.1,0.4,1.9,2.3,19.7
Mikal Bridges,BRK,SF,82,34.8,6.9,15.8,0.436,2.7,7.2,0.372,3.1,3.9,0.814,0.8,3.7,4.5,3.6,1.0,0.4,2.0,1.4,19.6
Jalen Green,HOU,SG,82,31.7,6.9,16.2,0.423,2.5,7.4,0.332,3.5,4.3,0.804,0.5,4.7,5.2,3.5,0.8,0.3,2.3,1.4,19.6
Zach LaVine,CHI,SG,25,34.9,6.8,15.0,0.452,2.4,6.8,0.349,3.5,4.1,0.854,0.3,4.8,5.2,3.9,0.8,0.3,2.1,2.3,19.5
Devin Vassell,SAS,SG,68,33.1,7.3,15.5,0.472,2.4,6.6,0.372,2.4,3.0,0.801,0.4,3.4,3.8,4.1,1.1,0.3,1.6,1.1,19.5
Domantas Sabonis,SAC,C,82,35.7,7.7,13.0,0.594,0.4,1.1,0.379,3.6,5.1,0.704,3.6,10.1,13.7,8.2,0.9,0.6,3.3,3.0,19.4
Bam Adebayo,MIA,C,71,34.0,7.5,14.3,0.521,0.2,0.6,0.357,4.1,5.5,0.755,2.2,8.1,10.4,3.9,1.1,0.9,2.3,2.2,19.3
Coby White,CHI,PG,79,36.5,6.8,15.3,0.447,2.6,7.0,0.376,2.8,3.3,0.838,0.6,4.0,4.5,5.1,0.7,0.2,2.1,2.4,19.1
Jalen Williams,OKC,PF,71,31.3,7.5,14.0,0.54,1.5,3.4,0.427,2.5,3.1,0.814,0.5,3.5,4.0,4.5,1.1,0.6,1.7,2.5,19.1
Collin Sexton,UTA,SG,78,26.6,6.5,13.3,0.487,1.6,4.2,0.394,4.1,4.7,0.859,0.9,1.7,2.6,4.9,0.8,0.2,2.1,2.0,18.7
Bradley Beal,PHO,SG,53,33.3,7.1,13.9,0.513,1.9,4.4,0.43,2.1,2.5,0.813,1.0,3.4,4.4,5.0,1.0,0.5,2.5,2.4,18.2
Darius Garland,CLE,PG,57,33.4,6.6,14.8,0.446,2.3,6.2,0.371,2.6,3.1,0.834,0.5,2.1,2.7,6.5,1.3,0.1,3.1,1.7,18.0
D'Angelo Russell,LAL,PG,76,32.7,6.5,14.2,0.456,3.0,7.2,0.415,2.1,2.5,0.828,0.4,2.7,3.1,6.3,0.9,0.5,2.1,2.1,18.0
Nikola Vucevic,CHI,C,76,34.3,7.7,15.9,0.484,1.2,4.1,0.294,1.4,1.7,0.822,2.8,7.8,10.5,3.3,0.7,0.8,1.6,2.5,18.0
Klay Thompson,GSW,SF,77,29.7,6.4,14.7,0.432,3.5,9.0,0.387,1.6,1.8,0.927,0.5,2.8,3.3,2.3,0.6,0.5,1.5,1.6,17.9
Jordan Poole,WAS,SG,78,30.1,6.3,15.2,0.413,2.4,7.2,0.326,2.5,2.8,0.877,0.4,2.3,2.7,4.4,1.1,0.3,2.4,3.1,17.4
Fred VanVleet,HOU,PG,73,36.8,5.8,13.9,0.416,3.1,8.0,0.387,2.7,3.1,0.86,0.5,3.4,3.8,8.1,1.4,0.8,1.7,2.5,17.4
Brandon Miller,CHO,SF,74,32.2,6.4,14.6,0.44,2.5,6.7,0.373,1.9,2.3,0.827,0.8,3.4,4.3,2.4,0.9,0.6,1.8,2.5,17.3
Tobias Harris,PHI,PF,70,33.8,6.6,13.6,0.487,1.3,3.7,0.353,2.7,3.0,0.878,1.1,5.3,6.5,3.1,1.0,0.7,1.3,1.6,17.2
Jordan Clarkson,UTA,SG,55,30.6,6.1,14.8,0.413,1.7,5.6,0.294,3.2,3.7,0.881,0.9,2.5,3.4,5.0,0.6,0.1,2.7,1.5,17.1
Myles Turner,IND,C,77,27.0,6.2,11.8,0.524,1.5,4.2,0.358,3.2,4.1,0.773,1.5,5.5,6.9,1.3,0.5,1.9,1.4,3.0,17.1
Immanuel Quickley,2TM,SG,68,29.2,5.7,13.1,0.434,2.5,6.4,0.395,3.1,3.6,0.853,0.3,3.6,3.8,4.9,0.7,0.1,1.5,1.8,17.0
Immanuel Quickley,NYK,SG,30,24.0,5.1,11.2,0.454,2.1,5.4,0.395,2.7,3.1,0.872,0.2,2.4,2.6,2.5,0.5,0.1,1.0,1.5,15.0
Immanuel Quickley,TOR,PG,38,33.3,6.2,14.7,0.422,2.8,7.1,0.395,3.3,4.0,0.841,0.3,4.5,4.8,6.8,0.9,0.2,1.8,2.0,18.6
Bogdan Bogdanovic,ATL,SG,79,30.4,6.0,13.9,0.428,3.0,8.1,0.374,1.9,2.1,0.921,0.7,2.8,3.4,3.1,1.2,0.3,1.4,2.3,16.9
Deandre Ayton,POR,C,55,32.4,7.8,13.6,0.57,0.0,0.2,0.1,1.2,1.4,0.823,3.2,7.9,11.1,1.6,1.0,0.8,1.8,2.0,16.7
Michael Porter Jr.,DEN,SF,81,31.7,6.4,13.3,0.484,2.7,6.8,0.397,1.1,1.4,0.836,1.3,5.7,7.0,1.5,0.5,0.7,1.1,1.8,16.7
James Harden,LAC,PG,72,34.3,4.9,11.4,0.428,2.6,6.8,0.381,4.2,4.8,0.878,0.5,4.7,5.1,8.5,1.1,0.8,2.6,1.8,16.6
Jarrett Allen,CLE,C,77,31.7,6.7,10.6,0.634,0.0,0.1,0.0,3.0,4.1,0.742,3.2,7.4,10.5,2.7,0.7,1.1,1.6,1.9,16.5
Chet Holmgren,OKC,C,82,29.4,6.2,11.6,0.53,1.6,4.3,0.37,2.7,3.4,0.793,1.6,6.3,7.9,2.4,0.6,2.3,1.6,2.4,16.5
Jonathan Kuminga,GSW,PF,74,26.3,6.2,11.6,0.529,0.7,2.2,0.321,3.0,4.0,0.746,1.2,3.6,4.8,2.2,0.7,0.5,1.6,2.3,16.1
Jalen Johnson,ATL,SF,56,33.7,6.4,12.5,0.511,1.3,3.6,0.355,1.9,2.6,0.728,1.3,7.4,8.7,3.6,1.2,0.8,1.8,2.4,16.0
Austin Reaves,LAL,SG,82,32.1,5.6,11.5,0.486,1.9,5.1,0.367,2.8,3.3,0.853,0.7,3.6,4.3,5.5,0.8,0.3,2.1,1.9,15.9
Shaedon Sharpe,POR,SG,32,33.1,5.5,13.6,0.406,1.9,5.6,0.333,3.1,3.7,0.824,1.3,3.7,5.0,2.9,0.9,0.4,2.3,2.8,15.9
Malcolm Brogdon,POR,PG,39,28.7,5.6,12.7,0.44,2.1,5.1,0.412,2.4,3.0,0.819,0.7,3.1,3.8,5.5,0.7,0.2,1.5,1.5,15.7
Keldon Johnson,SAS,SF,69,29.5,5.7,12.5,0.454,1.8,5.3,0.346,2.5,3.2,0.792,1.4,4.1,5.5,2.8,0.7,0.3,1.4,2.2,15.7
Evan Mobley,CLE,PF,50,30.6,6.4,11.0,0.58,0.4,1.2,0.373,2.5,3.4,0.719,2.2,7.1,9.4,3.2,0.9,1.4,1.8,2.7,15.7
De'Andre Hunter,ATL,SF,57,29.5,5.3,11.6,0.459,2.1,5.3,0.385,2.9,3.4,0.847,0.5,3.4,3.9,1.5,0.7,0.3,1.5,2.6,15.6
Donte DiVincenzo,NYK,SG,81,29.1,5.5,12.4,0.443,3.5,8.7,0.401,1.1,1.4,0.754,0.8,2.9,3.7,2.7,1.3,0.4,1.4,2.0,15.5
Jaden Ivey,DET,SG,77,28.8,5.4,12.6,0.429,1.6,4.8,0.336,2.9,3.9,0.749,1.1,2.3,3.4,3.8,0.7,0.5,2.5,2.6,15.4
Malik Monk,SAC,SG,72,26.0,5.5,12.4,0.443,2.1,5.9,0.35,2.4,2.8,0.829,0.4,2.6,2.9,5.1,0.6,0.5,2.1,2.2,15.4
Kelly Oubre Jr.,PHI,SF,68,30.2,5.7,12.9,0.441,1.5,4.8,0.311,2.6,3.4,0.75,1.4,3.6,5.0,1.5,1.1,0.7,1.3,2.9,15.4
Bojan Bogdanovic,2TM,PF,57,25.9,5.4,11.9,0.454,2.3,5.9,0.398,2.1,2.6,0.785,0.4,2.3,2.7,1.7,0.5,0.1,1.8,1.7,15.2
Bojan Bogdanovic,DET,PF,28,32.9,7.1,15.2,0.468,3.1,7.4,0.415,2.9,3.7,0.779,0.5,2.9,3.4,2.5,0.8,0.1,2.3,2.0,20.2
Bojan Bogdanovic,NYK,SF,29,19.2,3.8,8.8,0.43,1.6,4.4,0.37,1.2,1.6,0.8,0.3,1.7,2.0,0.9,0.2,0.0,1.3,1.3,10.4
Keegan Murray,SAC,SF,77,33.6,5.8,12.7,0.454,2.4,6.6,0.358,1.3,1.6,0.831,1.4,4.1,5.5,1.7,1.0,0.8,0.8,2.7,15.2
Derrick White,BOS,SG,73,32.6,5.3,11.5,0.461,2.7,6.8,0.396,1.9,2.1,0.901,0.7,3.5,4.2,5.2,1.0,1.2,1.5,2.1,15.2
John Collins,UTA,PF,68,28.0,5.8,11.0,0.532,1.3,3.4,0.371,2.2,2.7,0.795,2.3,6.1,8.5,1.1,0.6,0.9,1.4,2.8,15.1
Khris Middleton,MIL,SF,55,27.0,5.8,11.7,0.493,1.7,4.5,0.381,1.8,2.2,0.833,0.7,3.9,4.7,5.3,0.9,0.3,2.3,2.6,15.1
Trey Murphy III,NOP,SF,57,29.6,4.8,10.9,0.443,3.0,7.8,0.38,2.2,2.6,0.815,0.7,4.2,4.9,2.2,0.9,0.5,0.6,1.2,14.8
OG Anunoby,2TM,SF,50,34.0,5.6,11.5,0.489,2.0,5.3,0.382,1.3,1.8,0.753,0.9,3.2,4.2,2.1,1.4,0.7,1.6,2.4,14.7
OG Anunoby,TOR,SF,27,33.3,5.8,11.9,0.489,2.3,6.0,0.374,1.2,1.7,0.717,0.9,3.0,3.9,2.7,1.0,0.5,1.6,2.3,15.1
OG Anunoby,NYK,SF,23,34.9,5.4,11.1,0.488,1.8,4.5,0.394,1.5,1.9,0.791,1.0,3.4,4.4,1.5,1.7,1.0,1.7,2.5,14.1
Deni Avdija,WAS,SF,75,30.1,5.4,10.7,0.506,1.2,3.1,0.374,2.7,3.6,0.74,1.1,6.1,7.2,3.8,0.8,0.5,2.1,2.5,14.7
GG Jackson II,MEM,PF,48,25.7,5.0,11.7,0.428,2.1,6.0,0.357,2.4,3.2,0.752,1.1,3.0,4.1,1.2,0.6,0.5,1.4,1.3,14.6
Bennedict Mathurin,IND,SF,59,26.1,5.0,11.2,0.446,1.4,3.6,0.374,3.1,3.8,0.821,1.0,2.9,4.0,2.0,0.6,0.2,1.6,2.0,14.5
Marcus Smart,MEM,PG,20,30.3,5.1,11.9,0.43,2.1,6.7,0.313,2.2,2.8,0.768,0.3,2.4,2.7,4.3,2.1,0.3,3.1,2.7,14.5
Tim Hardaway Jr.,DAL,SF,79,26.8,5.0,12.4,0.402,2.7,7.6,0.353,1.8,2.1,0.852,0.3,2.9,3.2,1.8,0.5,0.1,0.9,1.3,14.4
Dennis Schroder,2TM,PG,80,31.1,5.0,11.6,0.435,1.7,4.6,0.375,2.2,2.7,0.836,0.5,2.5,3.0,6.1,0.8,0.2,1.9,2.1,14.0
Dennis Schroder,TOR,PG,51,30.6,4.8,11.0,0.442,1.5,4.3,0.35,2.5,2.9,0.852,0.4,2.3,2.7,6.1,0.9,0.2,1.6,2.1,13.7
Dennis Schroder,BRK,PG,29,32.0,5.4,12.7,0.424,2.1,5.1,0.412,1.8,2.2,0.797,0.6,2.9,3.5,6.0,0.6,0.3,2.4,2.0,14.6
Rudy Gobert,MIN,C,76,34.1,5.3,8.1,0.661,0.0,0.0,0.0,3.3,5.1,0.638,3.8,9.2,12.9,1.3,0.7,2.1,1.6,3.1,14.0
Scoot Henderson,POR,PG,62,28.5,5.0,12.9,0.385,1.4,4.3,0.325,2.7,3.3,0.819,0.9,2.3,3.1,5.4,0.8,0.2,3.4,3.1,14.0
Caris LeVert,CLE,SG,68,28.8,5.1,12.1,0.421,1.6,4.9,0.325,2.3,3.0,0.766,0.6,3.5,4.1,5.1,1.1,0.5,1.7,1.8,14.0
Aaron Gordon,DEN,PF,73,31.5,5.5,9.8,0.556,0.5,1.9,0.29,2.4,3.7,0.658,2.4,4.1,6.5,3.5,0.8,0.6,1.4,1.9,13.9
Norman Powell,LAC,SG,76,26.2,4.9,10.1,0.486,2.2,5.1,0.435,1.9,2.3,0.831,0.2,2.4,2.6,1.1,0.6,0.3,0.9,1.8,13.9
Jalen Duren,DET,C,61,29.1,5.7,9.2,0.619,0.0,0.1,0.0,2.3,3.0,0.79,3.1,8.5,11.6,2.4,0.5,0.8,2.1,3.1,13.8
Bobby Portis,MIL,PF,82,24.5,5.7,11.2,0.508,1.2,3.0,0.407,1.2,1.5,0.79,1.7,5.7,7.4,1.3,0.8,0.4,1.1,2.3,13.8
Saddiq Bey,ATL,SF,63,32.7,4.6,11.1,0.416,1.8,5.7,0.316,2.7,3.2,0.837,2.7,3.9,6.5,1.5,0.8,0.2,0.9,1.4,13.7
Jabari Smith Jr.,HOU,PF,76,31.9,5.0,11.0,0.454,1.8,5.0,0.363,2.0,2.4,0.811,1.8,6.3,8.1,1.6,0.7,0.8,1.2,2.6,13.7
Gary Trent Jr.,TOR,SG,71,28.1,5.1,11.9,0.426,2.5,6.4,0.393,1.0,1.4,0.771,0.4,2.3,2.6,1.7,1.1,0.1,0.7,1.4,13.7
Rui Hachimura,LAL,PF,68,26.9,5.3,9.9,0.537,1.4,3.4,0.422,1.5,2.0,0.739,0.9,3.5,4.3,1.2,0.6,0.4,0.7,1.5,13.6
Grayson Allen,PHO,SG,75,33.5,4.5,9.1,0.499,2.7,5.9,0.461,1.7,2.0,0.878,0.6,3.3,3.9,3.0,0.9,0.6,1.3,2.1,13.5
Naz Reid,MIN,C,81,24.2,5.0,10.5,0.477,2.1,5.0,0.414,1.3,1.8,0.736,0.9,4.3,5.2,1.3,0.8,0.9,1.4,2.1,13.5
Cameron Johnson,BRK,PF,58,27.6,4.8,10.7,0.446,2.4,6.1,0.391,1.5,1.9,0.789,0.9,3.4,4.3,2.4,0.8,0.3,1.0,1.8,13.4
Corey Kispert,WAS,SF,80,25.8,4.8,9.9,0.486,2.3,6.0,0.383,1.4,2.0,0.726,0.4,2.4,2.8,2.0,0.5,0.2,1.2,1.8,13.4
Andrew Wiggins,GSW,SF,71,27.0,5.0,11.0,0.453,1.3,3.6,0.358,2.0,2.7,0.751,1.5,3.0,4.5,1.7,0.6,0.6,1.2,2.1,13.2
Keyonte George,UTA,PG,75,27.0,4.3,10.9,0.391,2.0,5.9,0.334,2.5,3.0,0.848,0.2,2.6,2.8,4.4,0.5,0.1,2.5,1.2,13.0
P.J. Washington,2TM,PF,73,30.4,4.8,11.1,0.436,1.8,5.7,0.32,1.4,2.0,0.683,1.2,4.5,5.6,1.9,1.0,0.8,1.3,2.3,12.9
P.J. Washington,CHO,PF,44,29.2,5.2,11.6,0.446,1.8,5.5,0.324,1.5,2.1,0.713,1.2,4.1,5.3,2.2,0.9,0.7,1.5,2.5,13.6
P.J. Washington,DAL,PF,29,32.2,4.4,10.4,0.421,1.8,5.8,0.314,1.1,1.8,0.627,1.1,5.1,6.2,1.5,1.2,0.9,1.0,2.0,11.7
Scotty Pippen Jr.,MEM,PG,21,25.1,4.8,9.7,0.493,1.4,3.4,0.417,2.0,2.6,0.745,1.0,2.1,3.2,4.7,1.7,0.5,2.7,2.9,12.9
Duncan Robinson,MIA,SF,68,28.0,4.5,9.9,0.45,2.8,7.0,0.395,1.2,1.3,0.889,0.2,2.3,2.5,2.8,0.7,0.2,1.4,2.4,12.9
Dillon Brooks,HOU,SF,72,30.9,4.6,10.7,0.428,1.8,5.1,0.359,1.7,2.0,0.844,0.7,2.7,3.4,1.7,0.9,0.1,1.2,3.3,12.7
Mark Williams,CHO,C,19,26.7,5.2,7.9,0.649,0.0,0.0,,2.4,3.4,0.719,4.0,5.7,9.7,1.2,0.8,1.1,0.9,2.6,12.7
Jalen Suggs,ORL,SG,75,27.0,4.5,9.5,0.471,2.0,5.1,0.397,1.6,2.1,0.756,0.6,2.4,3.1,2.7,1.4,0.6,1.8,2.7,12.6
Jrue Holiday,BOS,PG,69,32.8,4.8,10.0,0.48,2.0,4.7,0.429,0.9,1.0,0.833,1.2,4.2,5.4,4.8,0.9,0.8,1.8,1.6,12.5
Brook Lopez,MIL,C,79,30.5,4.6,9.6,0.485,1.9,5.1,0.366,1.4,1.7,0.821,1.5,3.7,5.2,1.6,0.5,2.4,1.0,2.4,12.5
Josh Giddey,OKC,SG,80,25.1,5.0,10.6,0.475,1.0,3.0,0.337,1.3,1.6,0.806,1.4,5.0,6.4,4.8,0.6,0.6,2.1,1.4,12.3
Cam Whitmore,HOU,SF,47,18.7,4.5,9.9,0.454,1.7,4.7,0.359,1.6,2.4,0.679,0.9,2.9,3.8,0.7,0.6,0.4,1.0,1.4,12.3
Harrison Barnes,SAC,PF,82,29.0,4.2,8.9,0.474,1.8,4.7,0.387,1.9,2.4,0.801,0.8,2.2,3.0,1.2,0.7,0.1,0.7,1.2,12.2
Ayo Dosunmu,CHI,SG,76,29.1,4.7,9.5,0.501,1.6,3.9,0.403,1.1,1.4,0.81,0.7,2.1,2.8,3.2,0.9,0.5,1.4,2.2,12.2
Javonte Green,CHI,SF,9,25.6,5.0,8.3,0.6,1.1,3.0,0.37,1.1,1.4,0.769,2.2,5.2,7.4,0.6,1.1,0.9,0.8,2.1,12.2
Aaron Nesmith,IND,SF,72,27.7,4.4,8.8,0.496,1.9,4.6,0.419,1.5,1.9,0.781,0.9,2.9,3.8,1.5,0.9,0.7,0.9,3.3,12.2
Max Strus,CLE,SF,70,32.0,4.3,10.4,0.418,2.4,6.8,0.351,1.1,1.4,0.794,0.9,3.9,4.8,4.0,0.9,0.4,1.6,2.4,12.2
Jonas Valanciunas,NOP,C,82,23.5,4.9,8.8,0.559,0.5,1.5,0.308,2.0,2.5,0.785,2.3,6.5,8.8,2.1,0.4,0.8,1.4,2.7,12.2
Buddy Hield,2TM,SF,84,25.7,4.4,10.1,0.436,2.6,6.8,0.386,0.6,0.7,0.881,0.7,2.5,3.2,2.8,0.8,0.5,1.2,2.0,12.1
Buddy Hield,IND,SF,52,25.7,4.4,9.9,0.443,2.6,6.9,0.384,0.5,0.6,0.848,0.7,2.6,3.2,2.7,0.8,0.6,1.2,2.0,12.0
Buddy Hield,PHI,SG,32,25.8,4.4,10.4,0.426,2.6,6.6,0.389,0.8,0.8,0.923,0.8,2.3,3.2,3.0,0.8,0.3,1.3,2.1,12.2
Tyus Jones,WAS,PG,66,29.3,4.9,10.1,0.489,1.6,3.9,0.414,0.5,0.6,0.8,0.3,2.4,2.7,7.3,1.1,0.3,1.0,0.7,12.0
Jaime Jaquez Jr.,MIA,SF,75,28.2,4.5,9.3,0.489,0.9,2.7,0.322,1.9,2.3,0.811,1.1,2.7,3.8,2.6,1.0,0.3,1.5,2.2,11.9
Nic Claxton,BRK,C,71,29.8,5.2,8.2,0.629,0.0,0.1,0.2,1.5,2.8,0.551,2.7,7.2,9.9,2.1,0.6,2.1,1.3,2.5,11.8
Marvin Bagley III,2TM,C,50,21.1,4.8,8.2,0.586,0.2,0.5,0.391,1.9,2.5,0.762,2.6,3.6,6.2,1.1,0.4,0.7,1.2,1.6,11.7
Marvin Bagley III,DET,C,26,18.4,4.1,7.0,0.591,0.0,0.2,0.167,1.9,2.3,0.82,1.8,2.8,4.5,1.0,0.2,0.5,1.1,1.5,10.2
Marvin Bagley III,WAS,C,24,24.0,5.5,9.5,0.581,0.3,0.7,0.471,1.9,2.7,0.708,3.5,4.6,8.1,1.2,0.6,0.8,1.3,1.7,13.3
Ivica Zubac,LAC,C,68,26.4,5.0,7.6,0.649,0.0,0.0,,1.8,2.4,0.723,2.9,6.3,9.2,1.4,0.3,1.2,1.2,2.6,11.7
Cole Anthony,ORL,PG,81,22.4,4.1,9.4,0.435,1.1,3.4,0.338,2.2,2.7,0.826,0.8,3.0,3.8,2.9,0.8,0.5,1.6,2.2,11.6
Jeremy Sochan,SAS,PF,74,29.6,4.6,10.5,0.438,0.9,3.1,0.308,1.5,1.9,0.771,1.9,4.6,6.4,3.4,0.8,0.5,1.9,2.3,11.6
Clint Capela,ATL,C,73,25.8,4.8,8.5,0.571,0.0,0.0,0.0,1.8,2.8,0.631,4.6,6.0,10.6,1.2,0.6,1.5,1.0,2.2,11.5
Mike Conley,MIN,PG,76,28.9,3.9,8.5,0.457,2.4,5.3,0.442,1.3,1.5,0.911,0.5,2.4,2.9,5.9,1.2,0.2,1.3,1.7,11.4
Malik Beasley,MIL,SG,79,29.6,4.1,9.1,0.443,2.8,6.9,0.413,0.3,0.4,0.714,0.5,3.2,3.7,1.4,0.7,0.1,0.7,2.0,11.3
Brandon Clarke,MEM,PF,6,22.3,5.5,9.8,0.559,0.2,1.0,0.167,0.2,1.2,0.143,2.2,3.2,5.3,1.5,0.8,1.0,0.5,1.3,11.3
Zach Collins,SAS,C,69,22.1,4.3,8.9,0.484,0.8,2.6,0.32,1.8,2.3,0.753,1.7,3.7,5.4,2.8,0.5,0.8,1.9,3.0,11.2
De'Anthony Melton,PHI,SG,38,26.9,3.7,9.5,0.386,2.0,5.6,0.36,1.7,2.1,0.835,0.7,3.0,3.7,3.0,1.6,0.4,1.0,2.2,11.1
Jakob Poeltl,TOR,C,50,26.4,5.0,7.6,0.656,0.0,0.0,,1.2,2.1,0.551,2.9,5.7,8.6,2.5,0.7,1.5,1.5,3.0,11.1
Russell Westbrook,LAC,PG,68,22.5,4.4,9.8,0.454,0.6,2.3,0.273,1.6,2.4,0.688,1.4,3.7,5.0,4.5,1.1,0.3,2.1,1.8,11.1
Daniel Gafford,2TM,PF,74,24.5,4.7,6.5,0.725,0.0,0.0,,1.6,2.4,0.674,2.6,5.0,7.6,1.6,0.9,2.1,1.0,3.1,11.0
Daniel Gafford,WAS,C,45,26.5,4.5,6.5,0.69,0.0,0.0,,1.9,2.6,0.706,2.9,5.1,8.0,1.5,1.0,2.2,1.0,3.3,10.9
Daniel Gafford,DAL,PF,29,21.5,5.0,6.4,0.78,0.0,0.0,,1.2,1.9,0.607,2.2,4.7,6.9,1.6,0.7,1.9,1.0,2.8,11.2
Wendell Carter Jr.,ORL,C,55,25.6,4.1,7.7,0.525,1.2,3.1,0.374,1.7,2.4,0.694,2.0,4.9,6.9,1.7,0.6,0.5,1.2,2.2,11.0
Eric Gordon,PHO,SG,68,27.8,4.0,9.1,0.443,2.2,5.8,0.378,0.8,0.9,0.797,0.2,1.6,1.8,2.0,1.0,0.4,1.1,1.2,11.0
Herbert Jones,NOP,SF,76,30.5,3.9,7.7,0.498,1.5,3.6,0.418,1.8,2.1,0.867,1.0,2.6,3.6,2.6,1.4,0.8,1.2,2.9,11.0
Luke Kennard,MEM,SG,39,25.6,3.6,8.1,0.448,2.7,6.1,0.45,1.0,1.2,0.889,0.3,2.6,2.9,3.5,0.5,0.1,1.4,1.0,11.0
Luguentz Dort,OKC,SF,79,28.4,3.6,8.3,0.438,2.0,5.0,0.394,1.6,2.0,0.826,0.9,2.7,3.6,1.4,0.9,0.6,0.9,2.9,10.9
Jusuf Nurkic,PHO,C,76,27.3,4.2,8.3,0.51,0.3,1.2,0.244,2.2,3.4,0.64,2.9,8.1,11.0,4.0,1.1,1.1,2.3,3.3,10.9
Isaiah Stewart,DET,PF,46,30.9,4.0,8.3,0.487,1.5,3.8,0.383,1.4,1.8,0.753,1.6,5.0,6.6,1.6,0.4,0.8,1.4,2.2,10.9
Moritz Wagner,ORL,C,80,17.7,4.2,6.9,0.601,0.5,1.4,0.33,2.1,2.6,0.814,1.5,2.9,4.3,1.2,0.5,0.3,1.2,2.0,10.9
Bruce Brown,2TM,SG,67,27.9,4.1,8.7,0.478,0.8,2.4,0.323,1.7,2.1,0.824,0.8,3.4,4.2,2.9,0.9,0.3,1.3,2.2,10.8
Bruce Brown,IND,SG,33,29.7,4.5,9.5,0.475,1.0,3.1,0.327,2.0,2.5,0.817,0.8,3.9,4.7,3.0,1.1,0.2,1.2,2.5,12.1
Bruce Brown,TOR,PG,34,26.0,3.8,7.9,0.481,0.6,1.9,0.317,1.5,1.8,0.833,0.8,3.0,3.8,2.7,0.7,0.3,1.3,2.0,9.6
Jake LaRavia,MEM,PF,35,23.0,3.4,8.7,0.389,1.5,4.5,0.34,2.6,3.1,0.826,1.5,2.2,3.7,1.7,0.8,0.3,1.3,2.0,10.8
Santi Aldama,MEM,PF,61,26.5,4.0,9.3,0.435,1.7,5.0,0.349,0.9,1.4,0.621,1.2,4.6,5.8,2.3,0.7,0.9,1.1,1.5,10.7
Simone Fontecchio,2TM,SF,66,24.9,3.8,8.3,0.46,2.0,5.1,0.401,0.8,1.0,0.818,1.0,2.8,3.7,1.5,0.7,0.3,1.0,1.7,10.5
Simone Fontecchio,UTA,SF,50,23.2,3.2,7.2,0.45,1.8,4.7,0.391,0.6,0.8,0.8,1.0,2.5,3.5,1.5,0.6,0.4,1.0,1.6,8.9
Simone Fontecchio,DET,SF,16,30.3,5.7,11.9,0.479,2.7,6.3,0.426,1.4,1.6,0.846,0.8,3.6,4.4,1.8,0.9,0.3,1.1,1.8,15.4
Spencer Dinwiddie,2TM,PG,76,28.3,3.3,8.4,0.392,1.6,4.8,0.337,2.2,2.8,0.805,0.4,2.3,2.7,4.7,0.7,0.3,1.2,1.8,10.5
Spencer Dinwiddie,BRK,PG,48,30.7,4.1,10.4,0.391,1.9,5.8,0.32,2.6,3.3,0.781,0.5,2.8,3.3,6.0,0.8,0.2,1.3,1.8,12.6
Spencer Dinwiddie,LAL,PG,28,24.2,2.0,5.0,0.397,1.3,3.2,0.389,1.6,1.8,0.88,0.1,1.5,1.7,2.4,0.5,0.5,1.0,1.9,6.8
Jaden McDaniels,MIN,SF,72,29.2,4.3,8.7,0.489,1.2,3.5,0.337,0.8,1.1,0.722,0.8,2.3,3.1,1.4,0.9,0.6,1.2,3.0,10.5
Alec Burks,2TM,SG,66,18.4,3.2,8.6,0.369,1.9,5.0,0.376,2.2,2.5,0.868,0.4,1.9,2.3,1.3,0.4,0.2,0.7,1.1,10.4
Alec Burks,DET,SG,43,21.0,3.7,9.4,0.394,2.3,5.7,0.401,2.8,3.1,0.903,0.4,2.2,2.6,1.6,0.5,0.3,0.7,1.5,12.6
Alec Burks,NYK,SG,23,13.5,2.2,7.1,0.307,1.1,3.6,0.301,1.0,1.4,0.727,0.3,1.4,1.7,0.9,0.3,0.0,0.7,0.5,6.5
Dalano Banton,2TM,PG,54,19.4,3.7,9.3,0.404,1.1,3.7,0.296,1.7,2.2,0.783,0.8,2.5,3.3,2.4,0.6,0.4,1.4,1.2,10.3
Dalano Banton,BOS,PG,24,7.1,0.8,2.1,0.373,0.1,0.7,0.125,0.7,0.8,0.8,0.5,1.0,1.5,0.8,0.2,0.1,0.4,0.8,2.3
Dalano Banton,POR,PG,30,29.2,6.1,15.0,0.408,1.9,6.1,0.311,2.6,3.3,0.78,1.0,3.8,4.8,3.6,0.9,0.6,2.2,1.5,16.7
Grant Williams,2TM,PF,76,28.0,3.6,8.0,0.456,1.7,4.4,0.375,1.4,1.8,0.757,1.1,3.1,4.2,2.3,0.6,0.5,1.4,3.0,10.3
Grant Williams,DAL,PF,47,26.4,2.8,6.7,0.413,1.7,4.5,0.376,0.9,1.2,0.745,1.0,2.6,3.6,1.7,0.5,0.6,1.1,2.9,8.1
Grant Williams,CHO,PF,29,30.6,5.0,9.9,0.503,1.6,4.3,0.373,2.2,2.9,0.765,1.4,3.8,5.1,3.2,0.7,0.4,1.9,3.1,13.9
Obi Toppin,IND,PF,82,21.1,4.0,7.1,0.573,1.2,3.1,0.403,0.9,1.2,0.77,1.0,2.9,3.9,1.6,0.6,0.5,0.8,1.7,10.3
Kevin Huerter,SAC,SG,64,24.4,3.9,8.8,0.443,1.9,5.3,0.361,0.6,0.7,0.766,0.6,2.9,3.5,2.6,0.7,0.4,0.8,2.1,10.2
Reggie Jackson,DEN,PG,82,22.2,4.0,9.2,0.431,1.2,3.5,0.359,1.0,1.2,0.806,0.4,1.5,1.9,3.8,0.5,0.2,1.3,1.8,10.2
T.J. McConnell,IND,PG,71,18.2,4.6,8.4,0.556,0.3,0.6,0.409,0.7,0.9,0.79,0.5,2.2,2.7,5.5,1.0,0.1,1.5,1.1,10.2
Onyeka Okongwu,ATL,C,55,25.5,4.1,6.6,0.611,0.4,1.3,0.333,1.7,2.1,0.793,2.6,4.2,6.8,1.3,0.5,1.1,0.8,2.9,10.2
Kentavious Caldwell-Pope,DEN,SG,76,31.6,3.6,7.7,0.46,1.6,4.1,0.406,1.3,1.5,0.894,0.4,2.0,2.4,2.4,1.3,0.6,1.0,2.0,10.1
Alex Caruso,CHI,SG,71,28.7,3.6,7.6,0.468,1.9,4.7,0.408,1.0,1.4,0.76,0.9,3.0,3.8,3.5,1.7,1.0,1.4,2.5,10.1
Talen Horton-Tucker,UTA,PG,51,19.8,3.6,9.1,0.396,1.2,3.6,0.33,1.7,2.1,0.807,0.4,2.0,2.4,3.5,0.9,0.4,1.3,1.8,10.1
Tre Jones,SAS,PG,77,27.8,3.9,7.8,0.505,0.8,2.5,0.335,1.3,1.5,0.856,0.8,3.0,3.8,6.2,1.0,0.1,1.5,1.2,10.0
Caleb Martin,MIA,SF,64,27.4,3.8,8.7,0.431,1.3,3.6,0.349,1.2,1.5,0.778,1.2,3.2,4.4,2.2,0.7,0.5,1.2,2.0,10.0
Patrick Williams,CHI,PF,43,27.3,3.7,8.3,0.443,1.4,3.4,0.399,1.2,1.5,0.788,1.1,2.8,3.9,1.5,0.9,0.8,1.3,2.0,10.0
Vince Williams Jr.,MEM,SG,52,27.6,3.3,7.3,0.446,1.5,4.0,0.378,2.0,2.5,0.8,1.1,4.4,5.6,3.4,0.9,0.7,1.8,2.6,10.0
Josh Richardson,MIA,SG,43,25.7,3.6,8.1,0.444,1.5,4.4,0.347,1.2,1.3,0.944,0.4,2.4,2.8,2.4,0.6,0.3,0.8,1.8,9.9
Jalen Smith,IND,C,61,17.2,3.8,6.5,0.592,1.0,2.4,0.424,1.2,1.7,0.692,1.8,3.7,5.5,1.0,0.3,0.6,0.7,2.0,9.9
Gordon Hayward,2TM,SF,51,24.4,3.7,7.9,0.464,0.7,1.8,0.411,1.7,2.4,0.742,0.7,2.8,3.5,3.1,0.8,0.3,1.3,1.3,9.8
Gordon Hayward,CHO,SF,25,31.9,5.6,11.9,0.468,0.9,2.4,0.361,2.5,3.2,0.765,1.0,3.7,4.7,4.6,1.1,0.5,2.0,1.8,14.5
Gordon Hayward,OKC,SF,26,17.2,1.8,4.1,0.453,0.6,1.1,0.517,1.0,1.5,0.692,0.5,2.0,2.5,1.6,0.5,0.0,0.6,0.8,5.3
Kelly Olynyk,2TM,C,78,22.6,3.5,6.4,0.555,0.8,2.0,0.387,1.9,2.3,0.833,1.4,3.9,5.3,4.4,0.9,0.4,1.9,2.9,9.8
Kelly Olynyk,UTA,C,50,20.4,2.9,5.2,0.562,0.7,1.7,0.429,1.6,1.9,0.842,1.3,3.8,5.1,4.4,0.7,0.2,1.6,2.6,8.1
Kelly Olynyk,TOR,C,28,26.4,4.7,8.5,0.548,0.9,2.5,0.338,2.5,3.0,0.824,1.6,4.0,5.6,4.6,1.3,0.6,2.5,3.5,12.7
Tari Eason,HOU,PF,22,21.8,4.0,8.6,0.466,0.8,2.3,0.36,1.0,1.5,0.636,2.1,4.9,7.0,1.2,1.4,0.9,0.9,2.3,9.8
Nick Richards,CHO,C,67,26.3,3.9,5.6,0.691,0.0,0.0,0.0,2.0,2.7,0.737,2.6,5.5,8.0,0.8,0.4,1.1,1.1,2.6,9.7
Lonnie Walker IV,BRK,SG,58,17.4,3.6,8.5,0.423,1.8,4.7,0.384,0.8,1.0,0.763,0.2,2.0,2.2,1.3,0.6,0.3,0.9,1.2,9.7
Payton Pritchard,BOS,PG,82,22.3,3.6,7.7,0.468,1.8,4.7,0.385,0.6,0.7,0.821,0.9,2.4,3.2,3.4,0.5,0.1,0.7,1.3,9.6
Amen Thompson,HOU,SF,62,22.4,3.9,7.2,0.536,0.1,0.9,0.138,1.7,2.5,0.684,2.4,4.2,6.6,2.6,1.3,0.6,1.5,2.3,9.5
Josh Hart,NYK,SF,81,33.4,3.6,8.4,0.434,1.0,3.2,0.31,1.1,1.4,0.791,1.6,6.8,8.3,4.1,0.9,0.3,1.5,2.1,9.4
Georges Niang,CLE,PF,82,22.3,3.5,7.7,0.449,1.8,4.8,0.376,0.6,0.7,0.85,0.3,3.1,3.4,1.2,0.4,0.2,0.9,2.3,9.4
Isaac Okoro,CLE,SF,69,27.3,3.4,7.0,0.49,1.2,3.1,0.391,1.3,2.0,0.679,1.0,2.0,3.0,1.9,0.8,0.5,0.8,2.0,9.4
Tre Mann,2TM,PG,41,24.1,3.5,7.7,0.459,1.1,3.1,0.373,1.1,1.4,0.763,0.5,3.1,3.6,4.0,1.2,0.1,1.6,1.2,9.3
Tre Mann,OKC,PG,13,9.2,1.5,3.1,0.5,0.6,1.5,0.421,0.1,0.1,1.0,0.3,1.5,1.8,1.5,0.2,0.0,0.7,0.2,3.8
Tre Mann,CHO,PG,28,31.0,4.5,9.9,0.453,1.4,3.8,0.364,1.6,2.1,0.759,0.6,3.9,4.5,5.2,1.7,0.1,2.0,1.6,11.9
Malaki Branham,SAS,PG,75,21.3,3.6,8.4,0.432,1.2,3.6,0.347,0.7,0.8,0.873,0.4,1.6,2.0,2.1,0.4,0.1,1.2,1.3,9.2
Andrew Nembhard,IND,PG,68,25.0,3.8,7.7,0.498,0.9,2.5,0.357,0.7,0.8,0.804,0.5,1.5,2.1,4.1,0.9,0.1,1.5,2.1,9.2
Chris Paul,GSW,PG,58,26.4,3.6,8.1,0.441,1.3,3.6,0.371,0.7,0.9,0.827,0.3,3.6,3.9,6.8,1.2,0.1,1.3,1.9,9.2
Brandin Podziemski,GSW,SG,74,26.6,3.7,8.1,0.454,1.2,3.2,0.385,0.7,1.1,0.633,1.6,4.2,5.8,3.7,0.8,0.2,1.2,1.6,9.2
Duop Reath,POR,C,68,17.9,3.4,7.3,0.461,1.3,3.6,0.359,1.0,1.4,0.742,1.4,2.3,3.7,1.0,0.5,0.6,0.8,2.4,9.1
Sam Hauser,BOS,SF,79,22.0,3.2,7.1,0.446,2.5,5.9,0.424,0.2,0.2,0.895,0.6,2.9,3.5,1.0,0.5,0.3,0.4,1.3,9.0
Taurean Prince,LAL,PF,78,27.0,3.2,7.3,0.442,1.8,4.6,0.396,0.6,0.9,0.735,0.3,2.7,2.9,1.5,0.7,0.4,0.9,1.9,8.9
Jabari Walker,POR,SF,72,23.6,3.3,7.1,0.46,0.6,1.9,0.295,1.8,2.4,0.754,2.1,5.0,7.1,1.0,0.6,0.3,0.9,2.4,8.9
Dereck Lively II,DAL,C,55,23.5,4.0,5.4,0.747,0.0,0.0,0.0,0.7,1.5,0.506,2.5,4.4,6.9,1.1,0.7,1.4,0.9,2.6,8.8
Kevin Love,MIA,PF,55,16.8,2.9,6.5,0.44,1.5,4.4,0.344,1.5,2.0,0.787,1.1,5.1,6.1,2.1,0.3,0.2,0.9,1.8,8.8
Terance Mann,LAC,SG,75,25.0,3.4,6.6,0.515,0.9,2.7,0.348,1.1,1.3,0.832,1.2,2.2,3.4,1.6,0.6,0.2,0.6,1.9,8.8
Ausar Thompson,DET,SF,63,25.1,3.7,7.6,0.483,0.3,1.8,0.186,1.1,1.9,0.597,2.0,4.3,6.4,1.9,1.1,0.9,1.3,2.8,8.8
Draymond Green,GSW,PF,55,27.1,3.4,6.8,0.497,0.9,2.3,0.395,1.0,1.3,0.73,1.4,5.9,7.2,6.0,1.0,0.9,2.5,3.0,8.6
Al Horford,BOS,C,65,26.8,3.3,6.4,0.511,1.7,4.0,0.419,0.4,0.5,0.867,1.3,5.1,6.4,2.6,0.6,1.0,0.7,1.4,8.6
Derrick Jones Jr.,DAL,SF,76,23.5,3.1,6.5,0.483,1.1,3.1,0.343,1.3,1.8,0.713,1.1,2.2,3.3,1.0,0.7,0.7,0.9,1.6,8.6
Gradey Dick,TOR,SG,60,21.1,3.2,7.4,0.425,1.5,4.0,0.365,0.7,0.9,0.863,0.5,1.8,2.2,1.1,0.6,0.0,0.8,1.5,8.5
Dorian Finney-Smith,BRK,PF,68,28.4,3.2,7.5,0.421,1.7,4.9,0.348,0.5,0.7,0.717,1.6,3.1,4.7,1.6,0.8,0.6,0.9,2.2,8.5
Tristan Vukcevic,WAS,C,10,15.3,2.9,6.7,0.433,1.0,3.6,0.278,1.7,2.2,0.773,0.6,3.0,3.6,1.3,0.5,0.7,1.0,2.8,8.5
Bilal Coulibaly,WAS,SF,63,27.2,3.0,6.9,0.435,1.0,2.9,0.346,1.5,2.1,0.702,0.9,3.2,4.1,1.7,0.9,0.8,1.4,2.2,8.4
Andre Drummond,CHI,C,79,17.1,3.4,6.1,0.556,0.0,0.0,0.0,1.6,2.8,0.592,3.4,5.6,9.0,0.5,0.9,0.6,1.0,1.8,8.4
Miles McBride,NYK,PG,68,19.5,3.0,6.7,0.452,1.6,3.9,0.41,0.6,0.7,0.86,0.5,1.0,1.5,1.7,0.7,0.1,0.4,1.6,8.3
Marcus Sasser,DET,PG,71,19.0,3.1,7.2,0.428,1.3,3.4,0.375,0.8,0.9,0.879,0.2,1.6,1.8,3.3,0.6,0.2,1.3,1.5,8.3
Josh Green,DAL,SG,57,26.4,3.1,6.6,0.479,1.3,3.3,0.385,0.7,1.0,0.684,0.7,2.5,3.2,2.3,0.8,0.2,1.1,1.9,8.2
Isaiah Joe,OKC,SG,78,18.5,2.8,6.2,0.458,1.9,4.5,0.416,0.6,0.7,0.865,0.4,1.9,2.3,1.3,0.6,0.3,0.6,1.1,8.2
Ziaire Williams,MEM,SF,51,20.4,2.9,7.4,0.397,1.1,3.7,0.307,1.2,1.5,0.827,0.7,2.8,3.5,1.5,0.7,0.2,1.3,1.7,8.2
Kyle Lowry,2TM,PG,60,28.2,2.7,6.3,0.432,1.6,4.2,0.392,1.1,1.3,0.84,0.6,2.7,3.2,4.2,1.0,0.4,1.4,2.4,8.1
Kyle Lowry,MIA,PG,37,28.0,2.8,6.5,0.426,1.7,4.4,0.385,0.9,1.1,0.833,0.7,2.8,3.5,4.0,1.1,0.4,1.4,2.5,8.2
Kyle Lowry,PHI,PG,23,28.4,2.6,5.9,0.444,1.6,3.9,0.404,1.2,1.4,0.848,0.4,2.4,2.8,4.6,0.9,0.3,1.4,2.3,8.0
Walker Kessler,UTA,C,64,23.3,3.6,5.5,0.654,0.1,0.3,0.211,0.9,1.5,0.602,2.6,4.9,7.5,0.9,0.5,2.4,1.0,2.1,8.1
Moses Moody,GSW,SG,66,17.5,2.9,6.4,0.462,1.1,3.0,0.36,1.1,1.4,0.785,1.0,2.0,3.0,0.9,0.6,0.4,0.7,1.4,8.1
Nickeil Alexander-Walker,MIN,SG,82,23.4,2.9,6.6,0.439,1.6,4.1,0.391,0.6,0.8,0.8,0.4,1.6,2.0,2.5,0.8,0.5,0.9,1.7,8.0
Sam Merrill,CLE,SG,61,17.5,2.6,6.4,0.402,2.3,5.8,0.404,0.4,0.5,0.929,0.4,1.6,2.0,1.8,0.3,0.1,0.3,1.2,8.0
Derrick Rose,MEM,PG,24,16.6,3.2,6.9,0.461,0.6,1.7,0.366,1.0,1.1,0.889,0.3,1.6,1.9,3.3,0.3,0.1,1.3,0.9,8.0
Dario Saric,GSW,C,64,17.2,2.8,6.1,0.466,1.2,3.1,0.376,1.2,1.5,0.849,1.1,3.3,4.4,2.3,0.5,0.2,1.2,1.8,8.0
Trayce Jackson-Davis,GSW,PF,68,16.6,3.4,4.9,0.702,0.0,0.0,0.0,1.1,1.9,0.561,2.0,3.0,5.0,1.2,0.4,1.1,0.7,1.6,7.9
Dante Exum,DAL,PG,55,19.8,2.9,5.5,0.533,1.0,2.0,0.491,1.0,1.2,0.779,0.5,2.3,2.7,2.9,0.4,0.1,0.9,1.5,7.8
Markelle Fultz,ORL,PG,43,21.2,3.6,7.6,0.472,0.1,0.4,0.222,0.5,0.8,0.697,1.3,1.9,3.2,2.8,1.0,0.3,1.2,1.5,7.8
Isaiah Hartenstein,NYK,C,75,25.3,3.1,4.9,0.644,0.0,0.0,0.333,1.5,2.1,0.707,3.3,5.1,8.3,2.5,1.2,1.1,1.2,2.8,7.8
Jordan Hawkins,NOP,SG,67,17.3,2.6,6.8,0.382,1.6,4.4,0.366,1.0,1.2,0.838,0.4,1.8,2.2,1.0,0.3,0.1,0.6,1.1,7.8
Royce O'Neale,2TM,SF,79,24.7,2.7,6.8,0.397,2.0,5.3,0.37,0.3,0.4,0.686,0.8,4.0,4.8,2.8,0.7,0.6,0.9,2.2,7.7
Royce O'Neale,BRK,SF,49,24.5,2.6,6.6,0.388,2.0,5.4,0.366,0.3,0.4,0.682,0.8,3.7,4.5,2.8,0.7,0.6,1.0,2.4,7.4
Royce O'Neale,PHO,SF,30,25.1,2.9,7.1,0.411,2.0,5.2,0.376,0.3,0.4,0.692,0.7,4.5,5.2,2.7,0.9,0.5,0.7,1.8,8.1
RaiQuan Gray,SAS,PF,3,13.0,3.3,5.7,0.588,1.0,2.3,0.429,0.0,0.0,,0.7,1.7,2.3,2.0,0.3,0.3,0.3,0.0,7.7
Nikola Jovic,MIA,PF,46,19.5,2.8,6.1,0.452,1.4,3.5,0.399,0.7,1.0,0.702,0.5,3.6,4.2,2.0,0.5,0.3,0.9,1.8,7.7
Precious Achiuwa,2TM,PF,74,21.9,3.2,6.3,0.501,0.4,1.3,0.268,0.9,1.5,0.616,2.6,4.0,6.6,1.3,0.6,0.9,1.1,1.9,7.6
Precious Achiuwa,TOR,C,25,17.5,3.1,6.8,0.459,0.5,1.9,0.277,1.0,1.7,0.571,2.0,3.4,5.4,1.8,0.6,0.5,1.2,1.6,7.7
Precious Achiuwa,NYK,PF,49,24.2,3.2,6.1,0.525,0.3,1.0,0.26,0.9,1.4,0.643,2.9,4.3,7.2,1.1,0.6,1.1,1.1,2.1,7.6
Toumani Camara,POR,PF,70,24.8,2.8,6.3,0.45,0.8,2.5,0.337,1.1,1.4,0.758,2.0,2.9,4.9,1.2,0.9,0.5,1.2,2.5,7.5
Cody Martin,CHO,SF,28,26.9,2.9,7.7,0.381,1.0,3.1,0.314,0.7,1.2,0.606,0.7,3.2,3.9,3.7,1.1,0.6,1.6,1.7,7.5
Brice Sensabaugh,UTA,SF,32,18.3,2.7,6.8,0.39,1.1,3.6,0.296,1.2,1.3,0.902,0.5,2.7,3.2,1.7,0.4,0.2,1.5,1.3,7.5
Cameron Payne,2TM,PG,78,16.7,2.7,6.2,0.432,1.3,3.4,0.39,0.7,0.9,0.866,0.3,1.2,1.5,2.6,0.5,0.1,0.8,1.6,7.4
Cameron Payne,MIL,PG,47,14.9,2.1,4.7,0.455,1.1,2.8,0.397,0.8,0.9,0.841,0.1,1.2,1.3,2.3,0.5,0.1,0.7,1.6,6.2
Cameron Payne,PHI,PG,31,19.4,3.5,8.4,0.413,1.7,4.4,0.382,0.7,0.7,0.913,0.5,1.3,1.8,3.1,0.6,0.3,1.1,1.7,9.3
Christian Braun,DEN,SG,82,20.2,2.7,5.9,0.46,0.8,2.0,0.384,1.1,1.6,0.694,1.0,2.8,3.7,1.6,0.5,0.4,0.7,1.7,7.3
Jaden Hardy,DAL,SG,73,13.5,2.7,6.6,0.407,1.1,3.1,0.362,0.8,1.0,0.776,0.3,1.5,1.8,1.5,0.3,0.1,0.8,1.1,7.3
Taylor Hendricks,UTA,PF,40,21.4,2.7,6.0,0.45,1.3,3.5,0.379,0.6,0.7,0.793,1.2,3.5,4.6,0.8,0.7,0.8,0.7,1.9,7.3
Paul Reed,PHI,C,82,19.4,3.2,5.9,0.54,0.3,0.7,0.368,0.7,1.0,0.718,2.4,3.6,6.0,1.3,0.8,1.0,0.8,2.4,7.3
Lamar Stevens,2TM,PF,38,14.7,2.8,6.3,0.45,0.4,1.2,0.304,1.1,1.4,0.778,0.9,2.4,3.3,0.7,0.6,0.6,0.6,1.2,7.2
Lamar Stevens,BOS,PF,19,6.4,1.1,2.4,0.467,0.2,0.4,0.375,0.4,0.6,0.727,0.6,1.0,1.6,0.4,0.3,0.3,0.5,0.7,2.8
Lamar Stevens,MEM,PF,19,23.0,4.6,10.3,0.446,0.6,2.0,0.289,1.8,2.3,0.791,1.3,3.8,5.1,1.1,0.9,0.9,0.8,1.6,11.5
Johnny Juzang,UTA,SG,20,18.6,2.6,5.5,0.464,1.6,3.9,0.416,0.5,0.7,0.714,0.4,1.5,1.8,1.2,0.2,0.1,0.7,1.5,7.2
Kevin Knox,DET,SF,31,18.1,2.8,6.0,0.462,1.0,3.0,0.33,0.6,0.7,0.909,0.6,1.8,2.4,0.7,0.4,0.2,0.7,1.6,7.2
Trey Lyles,SAC,PF,58,20.0,2.5,5.5,0.445,1.4,3.8,0.384,0.8,1.2,0.7,1.1,3.4,4.4,1.2,0.3,0.3,0.7,1.5,7.2
Jose Alvarado,NOP,PG,56,18.4,2.5,6.2,0.412,1.4,3.7,0.377,0.6,0.9,0.673,0.4,1.8,2.3,2.1,1.1,0.3,0.7,1.6,7.1
Naji Marshall,NOP,SF,66,19.0,2.6,5.6,0.463,0.9,2.3,0.387,1.0,1.3,0.791,0.8,2.8,3.6,1.9,0.7,0.2,1.0,1.4,7.1
Landry Shamet,WAS,SG,46,15.8,2.6,6.0,0.431,1.2,3.4,0.338,0.8,1.0,0.826,0.3,1.0,1.3,1.2,0.5,0.2,0.7,1.7,7.1
James Wiseman,DET,C,63,17.3,3.0,4.8,0.613,0.0,0.0,0.0,1.1,1.6,0.706,1.7,3.6,5.3,0.9,0.2,0.6,1.0,2.2,7.1
Vasilije Micic,2TM,PG,60,19.6,2.7,6.2,0.43,0.7,2.6,0.279,1.0,1.3,0.813,0.2,1.2,1.5,4.4,0.5,0.1,1.7,1.1,7.0
Vasilije Micic,OKC,PG,30,12.0,1.2,3.0,0.407,0.4,1.5,0.244,0.5,0.6,0.737,0.0,0.8,0.8,2.5,0.3,0.1,1.0,0.7,3.3
Vasilije Micic,CHO,PG,30,27.2,4.1,9.3,0.437,1.1,3.6,0.294,1.6,1.9,0.839,0.4,1.7,2.1,6.2,0.7,0.1,2.3,1.5,10.8
Jordan Nwora,2TM,SF,52,13.7,2.7,5.8,0.462,0.8,2.5,0.336,0.8,1.0,0.83,0.5,2.3,2.9,1.2,0.5,0.3,1.0,0.9,7.0
Jordan Nwora,IND,SF,18,10.2,2.1,4.6,0.451,0.6,2.0,0.306,0.5,0.6,0.818,0.4,1.4,1.8,1.0,0.3,0.1,0.7,1.1,5.2
Jordan Nwora,TOR,SF,34,15.6,3.0,6.4,0.465,1.0,2.8,0.347,1.0,1.2,0.833,0.6,2.8,3.4,1.3,0.6,0.4,1.2,0.9,7.9
Quentin Grimes,2TM,SG,51,20.1,2.4,6.4,0.372,1.6,4.7,0.338,0.7,0.9,0.756,0.3,1.7,2.0,1.3,0.7,0.1,0.5,1.5,7.0
Quentin Grimes,NYK,SG,45,20.2,2.5,6.4,0.395,1.7,4.7,0.363,0.5,0.8,0.706,0.3,1.6,2.0,1.2,0.7,0.1,0.5,1.5,7.3
Quentin Grimes,DET,SG,6,19.2,1.5,7.0,0.214,0.7,4.7,0.143,1.7,1.8,0.909,0.2,1.8,2.0,2.3,0.8,0.7,1.2,1.5,5.3
Javon Freeman-Liberty,TOR,PG,22,18.3,2.5,5.6,0.444,0.5,1.9,0.238,1.5,1.6,0.917,0.7,2.5,3.2,1.8,0.5,0.2,1.1,1.3,7.0
Evan Fournier,2TM,SG,32,18.1,2.5,6.9,0.357,1.0,4.1,0.254,0.9,1.1,0.806,0.2,1.7,1.8,1.5,0.9,0.2,0.7,1.5,6.9
Evan Fournier,NYK,SG,3,13.0,1.3,6.7,0.2,0.7,5.0,0.133,0.7,0.7,1.0,0.0,1.3,1.3,1.0,1.3,0.0,0.3,1.3,4.0
Evan Fournier,DET,SG,29,18.7,2.6,6.9,0.373,1.1,4.0,0.27,0.9,1.2,0.794,0.2,1.7,1.9,1.6,0.9,0.2,0.7,1.5,7.2
Gary Harris,ORL,SG,54,24.0,2.4,5.5,0.441,1.4,3.8,0.371,0.6,0.8,0.756,0.4,1.2,1.7,1.6,0.9,0.3,0.6,1.7,6.9
Killian Hayes,DET,PG,42,24.0,2.8,6.7,0.413,0.5,1.8,0.297,0.8,1.2,0.66,0.3,2.6,2.8,4.9,0.9,0.5,1.2,1.8,6.9
Bones Hyland,LAC,PG,37,14.6,2.6,6.8,0.386,1.2,3.6,0.326,0.5,0.6,0.783,0.1,1.4,1.5,2.5,0.7,0.1,1.2,1.4,6.9
Maozinha Pereira,MEM,SF,7,17.4,2.6,5.0,0.514,0.7,1.9,0.385,1.0,1.4,0.7,1.6,3.7,5.3,0.3,0.9,0.6,0.7,1.4,6.9
Trendon Watford,BRK,PF,63,13.6,2.6,4.9,0.527,0.4,1.1,0.397,1.2,1.5,0.794,0.8,2.3,3.1,1.3,0.4,0.3,1.0,1.7,6.9
Aaron Wiggins,OKC,SG,78,15.7,2.7,4.8,0.562,0.8,1.6,0.492,0.7,0.9,0.789,0.8,1.6,2.4,1.1,0.7,0.2,0.7,1.2,6.9
Christian Wood,LAL,PF,50,17.4,2.5,5.3,0.466,0.7,2.3,0.307,1.3,1.9,0.702,0.8,4.3,5.1,1.0,0.3,0.7,1.0,1.4,6.9
Trey Jemison,2TM,C,25,22.9,3.0,5.4,0.551,0.0,0.0,,0.8,1.0,0.84,2.6,2.8,5.4,1.1,0.5,1.1,1.4,2.8,6.8
Trey Jemison,WAS,C,2,0.5,0.0,0.0,,0.0,0.0,,0.0,0.0,,0.0,0.5,0.5,0.0,0.0,0.0,0.5,0.0,0.0
Trey Jemison,MEM,C,23,24.9,3.3,5.9,0.551,0.0,0.0,,0.9,1.1,0.84,2.8,3.0,5.8,1.2,0.5,1.2,1.4,3.0,7.4
Julian Champagnie,SAS,SF,74,19.8,2.2,5.4,0.408,1.4,3.7,0.365,1.0,1.2,0.815,0.6,2.2,2.8,1.4,0.6,0.6,0.8,1.0,6.8
Jonathan Isaac,ORL,PF,58,15.8,2.5,4.9,0.51,0.7,1.9,0.375,1.0,1.4,0.72,1.3,3.2,4.5,0.5,0.7,1.2,0.5,1.1,6.8
Cedi Osman,SAS,SF,72,17.6,2.6,5.3,0.479,1.2,3.1,0.389,0.5,0.7,0.673,0.3,2.2,2.5,1.7,0.5,0.2,0.7,1.5,6.8
Day'Ron Sharpe,BRK,C,61,15.1,2.8,4.8,0.571,0.1,0.2,0.267,1.2,2.0,0.61,2.6,3.7,6.4,1.4,0.4,0.7,1.1,2.1,6.8
Cason Wallace,OKC,SG,82,20.6,2.6,5.4,0.491,1.2,2.9,0.419,0.4,0.5,0.784,0.6,1.6,2.3,1.5,0.9,0.5,0.5,1.6,6.8
Robert Williams,POR,C,6,19.8,2.8,4.3,0.654,0.0,0.0,,1.2,1.5,0.778,1.8,4.5,6.3,0.8,1.2,1.2,1.2,2.8,6.8
Davis Bertans,2TM,PF,43,15.7,2.1,5.4,0.393,1.8,4.7,0.38,0.7,0.8,0.909,0.2,1.2,1.4,0.8,0.6,0.3,0.4,1.3,6.7
Davis Bertans,OKC,PF,15,6.1,0.7,1.7,0.385,0.7,1.6,0.417,0.9,1.0,0.933,0.1,0.5,0.7,0.6,0.2,0.2,0.1,0.7,2.9
Davis Bertans,CHO,PF,28,20.8,2.9,7.4,0.394,2.4,6.3,0.375,0.6,0.6,0.889,0.3,1.6,1.8,0.9,0.8,0.3,0.6,1.6,8.8
Jahmi'us Ramsey,TOR,SG,7,17.3,2.6,5.9,0.439,0.9,3.1,0.273,0.7,0.9,0.833,0.6,2.6,3.1,1.1,1.0,0.0,1.0,1.4,6.7
Peyton Watson,DEN,SF,80,18.6,2.6,5.6,0.465,0.6,1.9,0.296,0.9,1.3,0.67,0.7,2.5,3.2,1.1,0.5,1.1,0.7,1.8,6.7
Amir Coffey,LAC,SF,70,20.9,2.4,5.0,0.472,1.0,2.6,0.38,0.9,1.0,0.859,0.4,1.7,2.1,1.1,0.6,0.2,0.5,1.5,6.6
Aaron Holiday,HOU,PG,78,16.3,2.4,5.3,0.446,1.1,2.8,0.387,0.7,0.8,0.921,0.3,1.3,1.6,1.8,0.5,0.1,0.7,1.6,6.6
Dennis Smith Jr.,BRK,PG,56,18.9,2.6,6.0,0.435,0.6,1.9,0.294,0.8,1.0,0.741,0.9,2.0,2.9,3.6,1.2,0.2,1.2,2.2,6.6
Chimezie Metu,2TM,C,51,16.8,2.4,4.8,0.504,0.5,1.8,0.298,1.1,1.3,0.906,0.8,3.0,3.8,0.9,0.8,0.3,1.0,1.4,6.5
Chimezie Metu,PHO,C,37,12.1,1.8,3.5,0.508,0.4,1.4,0.294,1.0,1.2,0.884,0.6,2.3,3.0,0.5,0.5,0.2,0.7,1.1,5.0
Chimezie Metu,DET,C,14,29.4,4.1,8.1,0.5,0.9,3.1,0.302,1.4,1.5,0.952,1.2,4.8,6.0,1.9,1.7,0.5,1.8,2.3,10.5
Jordan Goodwin,2TM,PG,57,18.5,2.5,6.7,0.369,0.7,2.5,0.298,0.8,1.0,0.746,1.5,2.9,4.4,2.7,0.8,0.3,1.0,1.3,6.5
Jordan Goodwin,PHO,PG,40,14.0,1.9,4.8,0.389,0.6,2.0,0.288,0.6,0.7,0.862,1.0,1.9,2.9,2.0,0.6,0.2,0.7,1.1,5.0
Jordan Goodwin,MEM,PG,17,29.2,3.9,11.1,0.349,1.1,3.6,0.311,1.1,1.8,0.633,2.8,5.2,8.0,4.5,1.5,0.5,1.6,1.9,10.0
David Roddy,2TM,PF,65,18.1,2.5,6.3,0.403,0.7,2.5,0.293,0.7,1.0,0.691,0.8,2.4,3.2,1.2,0.4,0.2,0.9,1.1,6.5
David Roddy,MEM,PF,48,23.2,3.2,8.0,0.402,1.0,3.3,0.301,1.0,1.4,0.687,1.1,3.1,4.2,1.6,0.5,0.2,1.1,1.4,8.4
David Roddy,PHO,PF,17,3.7,0.6,1.4,0.435,0.1,0.5,0.125,0.1,0.1,1.0,0.1,0.5,0.6,0.2,0.1,0.0,0.2,0.2,1.3
David Duke Jr.,SAS,SG,4,12.8,2.5,4.5,0.556,0.8,1.5,0.5,0.8,0.8,1.0,0.5,2.0,2.5,1.3,0.5,0.0,0.8,1.0,6.5
Jeff Green,HOU,PF,78,16.8,2.1,4.7,0.456,0.7,2.1,0.331,1.6,1.9,0.819,0.6,1.7,2.3,0.9,0.2,0.4,0.6,1.3,6.5
Isaiah Jackson,IND,C,59,13.1,2.6,3.9,0.665,0.0,0.1,0.0,1.2,1.7,0.716,1.6,2.4,4.0,0.8,0.6,1.0,0.7,2.3,6.5
Marcus Morris,2TM,PF,49,16.7,2.4,5.4,0.439,1.0,2.4,0.403,0.7,0.9,0.818,0.5,2.3,2.7,0.7,0.3,0.3,0.6,1.5,6.4
Marcus Morris,PHI,PF,37,17.2,2.4,5.5,0.439,1.0,2.4,0.4,0.8,1.0,0.861,0.5,2.5,2.9,0.7,0.4,0.3,0.5,1.6,6.7
Marcus Morris,CLE,PF,12,15.0,2.2,4.9,0.441,1.0,2.4,0.414,0.4,0.7,0.625,0.4,1.7,2.1,0.8,0.2,0.2,0.9,1.1,5.8
Kyle Anderson,MIN,PF,79,22.6,2.5,5.5,0.46,0.1,0.6,0.229,1.2,1.7,0.708,0.8,2.7,3.5,4.2,0.9,0.6,1.2,1.6,6.4
Chris Boucher,TOR,PF,50,14.1,2.2,4.3,0.507,0.6,1.9,0.33,1.4,1.8,0.772,1.2,2.9,4.1,0.5,0.3,0.5,0.6,1.4,6.4
Jared Butler,WAS,SG,40,14.2,2.5,5.0,0.488,0.6,2.0,0.308,0.8,0.9,0.861,0.2,1.2,1.5,3.2,0.7,0.2,1.3,1.5,6.3
Bruno Fernando,ATL,C,45,15.2,2.4,4.2,0.583,0.0,0.1,0.0,1.4,2.1,0.667,1.3,3.0,4.3,1.0,0.6,0.6,1.0,2.4,6.3
Daniel Theis,2TM,C,60,16.9,2.6,4.9,0.532,0.4,1.2,0.366,0.6,0.8,0.76,1.4,2.7,4.1,1.0,0.4,0.9,0.7,2.1,6.3
Daniel Theis,IND,C,1,8.0,1.0,4.0,0.25,0.0,1.0,0.0,0.0,0.0,,0.0,0.0,0.0,0.0,0.0,0.0,0.0,1.0,2.0
Daniel Theis,LAC,C,59,17.1,2.6,4.9,0.536,0.4,1.2,0.371,0.6,0.8,0.76,1.4,2.7,4.1,1.0,0.4,0.9,0.7,2.1,6.3
Jaylen Nowell,2TM,SG,13,16.5,2.6,6.0,0.436,0.5,2.2,0.207,0.5,0.7,0.778,0.5,1.4,1.8,1.5,0.3,0.2,0.5,1.2,6.2
Jaylen Nowell,MEM,SG,9,17.3,2.4,6.1,0.4,0.4,2.6,0.174,0.3,0.3,1.0,0.3,1.2,1.6,1.8,0.3,0.0,0.6,1.4,5.7
Jaylen Nowell,DET,SG,4,14.5,3.0,5.8,0.522,0.5,1.5,0.333,1.0,1.5,0.667,0.8,1.8,2.5,0.8,0.3,0.5,0.5,0.5,7.5
Patrick Beverley,2TM,PG,73,20.0,2.2,5.2,0.417,0.8,2.5,0.337,1.0,1.2,0.822,0.7,2.6,3.3,2.9,0.6,0.4,0.9,1.8,6.2
Patrick Beverley,PHI,PG,47,19.6,2.2,5.1,0.432,0.7,2.3,0.321,1.1,1.3,0.81,0.6,2.4,3.1,3.1,0.5,0.4,1.0,1.8,6.3
Patrick Beverley,MIL,PG,26,20.9,2.1,5.3,0.391,1.0,2.8,0.361,0.9,1.0,0.852,0.7,2.9,3.6,2.6,0.7,0.5,0.6,1.7,6.0
Jae Crowder,MIL,PF,50,23.1,2.3,5.4,0.422,1.2,3.3,0.349,0.5,0.7,0.722,0.6,2.6,3.2,1.3,0.8,0.2,0.5,1.5,6.2
Keon Johnson,BRK,SG,5,12.2,1.6,4.2,0.381,0.8,2.0,0.4,2.2,2.4,0.917,0.6,0.8,1.4,0.6,0.6,0.2,1.0,1.0,6.2
Haywood Highsmith,MIA,PF,66,20.7,2.3,5.0,0.465,1.2,2.9,0.396,0.3,0.5,0.639,1.0,2.2,3.2,1.1,0.8,0.5,0.5,1.8,6.1
Vit Krejci,ATL,PG,22,24.6,2.3,4.7,0.49,1.3,3.1,0.412,0.2,0.3,0.833,0.5,1.9,2.4,2.3,0.6,0.3,0.9,2.2,6.1
Kris Murray,POR,SF,62,21.7,2.3,5.9,0.396,0.8,3.0,0.268,0.6,0.9,0.661,1.4,2.2,3.6,1.3,0.9,0.3,0.9,1.5,6.1
Ben Simmons,BRK,PG,15,23.9,2.9,4.9,0.581,0.0,0.0,,0.4,1.0,0.4,2.1,5.9,7.9,5.7,0.8,0.6,1.8,2.4,6.1
Zavier Simpson,MEM,PG,7,23.0,2.4,7.7,0.315,0.7,2.4,0.294,0.4,0.6,0.75,0.6,2.3,2.9,3.6,1.0,0.4,1.4,1.6,6.0
Tosan Evbuomwan,2TM,SF,17,21.6,2.1,4.2,0.507,0.7,1.9,0.375,1.0,1.5,0.68,1.1,2.5,3.5,0.9,0.4,0.3,0.5,1.4,5.9
Tosan Evbuomwan,MEM,SF,4,18.5,1.0,3.8,0.267,0.5,2.0,0.25,0.0,0.0,,2.0,1.5,3.5,1.5,0.0,0.3,0.3,1.3,2.5
Tosan Evbuomwan,DET,SF,13,22.5,2.5,4.3,0.571,0.8,1.8,0.417,1.3,1.9,0.68,0.8,2.8,3.5,0.8,0.5,0.3,0.6,1.4,7.0
Justin Champagnie,WAS,SF,15,15.7,2.1,5.2,0.41,0.9,3.0,0.289,0.8,1.0,0.8,1.3,2.3,3.5,1.3,0.7,0.6,0.7,0.9,5.9
Nick Smith Jr.,CHO,SG,51,14.3,2.2,5.7,0.391,1.2,2.9,0.432,0.3,0.3,0.867,0.4,1.1,1.4,1.2,0.2,0.1,0.8,1.1,5.9
Ochai Agbaji,2TM,SG,78,21.0,2.3,5.6,0.411,0.8,2.7,0.294,0.5,0.7,0.661,0.9,1.8,2.8,1.1,0.6,0.6,0.8,1.5,5.8
Ochai Agbaji,UTA,SG,51,19.7,2.1,4.9,0.426,0.9,2.8,0.331,0.3,0.4,0.75,0.7,1.8,2.5,0.9,0.5,0.6,0.7,1.3,5.4
Ochai Agbaji,TOR,SG,27,23.6,2.7,6.8,0.391,0.6,2.6,0.217,0.8,1.3,0.611,1.4,1.9,3.3,1.3,0.7,0.6,1.1,1.9,6.7
Noah Clowney,BRK,PF,23,16.1,2.2,4.0,0.538,0.5,1.4,0.364,0.9,1.3,0.7,1.1,2.4,3.5,0.8,0.3,0.7,0.7,1.1,5.8
Dyson Daniels,NOP,PG,61,22.3,2.3,5.1,0.447,0.7,2.2,0.311,0.6,0.9,0.642,1.0,2.9,3.9,2.7,1.4,0.4,1.0,1.7,5.8
Danilo Gallinari,3TM,SF,49,12.9,1.7,3.9,0.437,0.6,1.9,0.323,1.7,2.0,0.857,0.4,1.8,2.2,1.1,0.3,0.1,0.5,1.0,5.7
Danilo Gallinari,WAS,PF,26,14.8,2.2,5.0,0.435,0.8,2.5,0.313,1.8,2.2,0.839,0.5,2.5,2.9,1.2,0.2,0.1,0.5,1.0,7.0
Danilo Gallinari,DET,SF,6,15.0,2.0,3.7,0.545,1.2,2.0,0.583,3.5,4.0,0.875,0.3,2.0,2.3,2.0,0.3,0.3,0.2,1.5,8.7
Danilo Gallinari,MIL,SF,17,9.1,0.8,2.2,0.378,0.2,1.0,0.176,0.9,1.1,0.889,0.4,0.7,1.1,0.7,0.4,0.1,0.6,0.9,2.8
Thomas Bryant,MIA,C,38,11.6,2.3,3.9,0.577,0.1,0.6,0.182,1.1,1.2,0.872,1.1,2.7,3.7,0.6,0.3,0.4,0.6,1.2,5.7
Torrey Craig,CHI,SF,53,19.8,2.0,4.7,0.43,1.1,2.9,0.392,0.5,0.7,0.75,1.3,2.8,4.1,1.1,0.6,0.4,0.6,2.1,5.7
Larry Nance Jr.,NOP,C,61,19.9,2.3,4.0,0.573,0.4,1.1,0.415,0.8,1.0,0.77,1.5,3.5,5.0,1.9,1.0,0.3,0.8,1.6,5.7
Pat Connaughton,MIL,SF,76,22.1,2.0,4.6,0.435,1.1,3.1,0.345,0.6,0.8,0.759,0.7,2.5,3.1,2.1,0.5,0.3,0.6,1.3,5.6
Craig Porter Jr.,CLE,PG,51,12.7,2.3,4.5,0.509,0.2,0.7,0.353,0.8,1.1,0.732,0.4,1.7,2.1,2.3,0.4,0.3,0.9,0.8,5.6
Mitchell Robinson,NYK,C,31,24.8,2.4,4.1,0.575,0.0,0.0,,0.9,2.1,0.409,4.6,3.9,8.5,0.6,1.2,1.1,0.8,1.8,5.6
Malachi Flynn,3TM,PG,69,12.7,2.0,4.7,0.418,0.8,2.4,0.331,0.8,1.0,0.732,0.3,1.3,1.7,1.9,0.6,0.1,0.9,1.0,5.5
Malachi Flynn,TOR,PG,31,15.3,1.8,4.4,0.409,0.9,2.6,0.35,0.5,0.7,0.773,0.4,1.7,2.1,2.4,0.6,0.2,1.1,1.4,5.1
Malachi Flynn,NYK,PG,14,4.3,0.6,1.6,0.391,0.3,0.9,0.308,0.6,0.8,0.818,0.0,0.4,0.4,0.4,0.1,0.0,0.2,0.2,2.2
Malachi Flynn,DET,PG,24,14.3,3.0,6.9,0.43,1.0,3.2,0.316,1.1,1.6,0.684,0.3,1.5,1.8,2.1,0.8,0.1,1.1,0.9,8.0
Doug McDermott,2TM,SF,64,14.1,1.9,4.4,0.433,1.5,3.6,0.41,0.2,0.3,0.579,0.2,0.8,0.9,1.1,0.3,0.0,0.4,1.0,5.5
Doug McDermott,SAS,SF,46,15.2,2.1,4.7,0.442,1.7,3.8,0.439,0.2,0.4,0.588,0.2,0.9,1.0,1.2,0.2,0.0,0.5,1.0,6.0
Doug McDermott,IND,SF,18,11.3,1.6,3.8,0.406,1.0,3.1,0.321,0.1,0.1,0.5,0.1,0.5,0.6,0.7,0.3,0.0,0.2,0.9,4.2
Dexter Dennis,DAL,SG,4,7.5,2.5,4.8,0.526,0.3,2.0,0.125,0.3,0.8,0.333,0.3,2.0,2.3,1.0,0.0,0.3,0.8,0.3,5.5
Gary Payton II,GSW,SG,44,15.5,2.3,4.2,0.563,0.5,1.3,0.364,0.3,0.5,0.609,1.0,1.5,2.6,1.1,0.9,0.4,0.6,1.8,5.5
Neemias Queta,BOS,C,28,11.9,2.4,3.7,0.644,0.0,0.0,,0.7,1.0,0.714,1.9,2.5,4.4,0.7,0.5,0.8,0.5,1.8,5.5
Ricky Council IV,PHI,SG,32,9.0,1.7,3.5,0.482,0.4,1.0,0.375,1.7,2.2,0.746,0.4,1.0,1.4,0.5,0.3,0.0,0.2,0.5,5.4
Kris Dunn,UTA,PG,66,18.9,2.2,4.7,0.47,0.6,1.7,0.369,0.3,0.5,0.688,0.8,2.1,2.9,3.8,1.0,0.4,1.2,2.0,5.4
Keon Ellis,SAC,SG,57,17.2,1.9,4.1,0.461,1.2,2.9,0.417,0.5,0.6,0.743,0.6,1.6,2.2,1.5,0.9,0.5,0.6,2.0,5.4
Cam Reddish,LAL,SF,48,20.5,1.9,4.9,0.389,0.8,2.3,0.336,0.9,1.1,0.759,0.6,1.5,2.1,1.0,1.0,0.3,0.6,1.3,5.4
Matt Ryan,NOP,SF,28,13.9,1.8,4.0,0.434,1.5,3.3,0.451,0.5,0.5,0.929,0.2,1.2,1.4,0.6,0.2,0.0,0.7,1.1,5.4
Matisse Thybulle,POR,SF,65,22.9,1.9,4.9,0.397,1.2,3.6,0.346,0.3,0.4,0.759,0.5,1.6,2.1,1.4,1.7,0.8,0.6,1.4,5.4
Sasha Vezenkov,SAC,PF,42,12.2,2.0,4.5,0.44,1.1,2.9,0.375,0.3,0.4,0.8,0.7,1.6,2.3,0.5,0.5,0.2,0.3,1.0,5.4
Dean Wade,CLE,PF,54,20.5,1.8,4.3,0.414,1.5,3.7,0.391,0.4,0.5,0.769,0.7,3.4,4.0,0.8,0.7,0.5,0.4,1.7,5.4
Darius Bazley,2TM,PF,9,16.9,2.0,3.3,0.6,0.2,0.9,0.25,1.1,1.3,0.833,0.9,2.2,3.1,0.8,0.7,0.8,0.9,0.3,5.3
Darius Bazley,PHI,PF,3,3.3,0.0,0.3,0.0,0.0,0.0,,0.0,0.0,,0.0,0.3,0.3,0.7,0.0,0.0,0.3,0.0,0.0
Darius Bazley,UTA,PF,6,23.7,3.0,4.8,0.621,0.3,1.3,0.25,1.7,2.0,0.833,1.3,3.2,4.5,0.8,1.0,1.2,1.2,0.5,8.0
Xavier Tillman Sr.,2TM,PF,54,18.0,2.2,5.2,0.434,0.4,1.5,0.247,0.4,0.9,0.44,1.3,2.6,3.9,1.4,0.9,0.8,0.6,1.4,5.3
Xavier Tillman Sr.,MEM,C,34,20.6,2.6,6.3,0.408,0.4,1.6,0.226,0.5,1.3,0.419,1.6,3.0,4.6,1.7,1.2,1.0,0.9,1.8,6.0
Xavier Tillman Sr.,BOS,PF,20,13.7,1.7,3.3,0.515,0.4,1.4,0.286,0.2,0.4,0.571,0.7,2.0,2.7,1.0,0.5,0.5,0.3,0.8,4.0
Nicolas Batum,2TM,PF,60,25.5,1.9,4.3,0.453,1.2,3.1,0.395,0.3,0.4,0.714,1.2,3.0,4.1,2.1,0.8,0.6,0.7,1.8,5.3
Nicolas Batum,LAC,PF,3,18.0,1.0,2.7,0.375,0.7,2.3,0.286,0.0,0.0,,0.0,2.3,2.3,1.7,1.0,1.3,0.3,1.7,2.7
Nicolas Batum,PHI,PF,57,25.9,2.0,4.4,0.456,1.2,3.1,0.399,0.3,0.4,0.714,1.2,3.0,4.2,2.2,0.8,0.6,0.7,1.8,5.5
Luke Kornet,BOS,C,63,15.6,2.3,3.2,0.7,0.0,0.0,1.0,0.8,0.9,0.907,1.9,2.3,4.1,1.1,0.4,1.0,0.3,1.2,5.3
Davion Mitchell,SAC,PG,72,15.3,2.0,4.5,0.452,0.8,2.2,0.361,0.4,0.6,0.714,0.3,1.1,1.3,1.9,0.2,0.0,0.6,1.2,5.3
Mason Plumlee,LAC,C,46,14.7,1.9,3.3,0.569,0.0,0.1,0.0,1.5,2.2,0.707,1.3,3.8,5.1,1.2,0.3,0.4,0.8,1.5,5.3
Stanley Umude,DET,SG,24,12.8,1.5,3.5,0.44,1.0,2.2,0.453,1.2,1.3,0.906,0.3,1.8,2.1,0.5,0.3,0.3,0.6,1.7,5.3
Aleksej Pokusevski,2TM,PF,28,14.5,1.8,4.3,0.405,0.6,2.0,0.327,1.1,1.5,0.732,0.6,2.6,3.2,1.3,0.5,0.5,0.7,0.8,5.2
Aleksej Pokusevski,OKC,PF,10,6.0,0.4,1.6,0.25,0.2,1.1,0.182,0.2,0.4,0.5,0.2,0.8,1.0,0.5,0.1,0.1,0.3,0.5,1.2
Aleksej Pokusevski,CHO,PF,18,19.2,2.5,5.8,0.429,0.9,2.4,0.364,1.6,2.1,0.757,0.8,3.6,4.4,1.7,0.8,0.7,0.9,0.9,7.4
Bol Bol,PHO,PF,43,10.9,2.2,3.5,0.616,0.5,1.2,0.423,0.3,0.4,0.789,0.7,2.4,3.2,0.4,0.2,0.6,0.4,1.0,5.2
Brandon Boston Jr.,LAC,SF,32,10.8,2.0,5.0,0.404,0.4,1.6,0.269,0.7,1.0,0.697,0.6,1.0,1.6,0.4,0.3,0.3,0.8,1.3,5.2
Jarred Vanderbilt,LAL,PF,29,20.0,2.0,3.9,0.518,0.3,0.9,0.296,0.8,1.2,0.667,1.4,3.3,4.8,1.2,1.2,0.2,1.0,1.5,5.2
Seth Curry,2TM,SG,44,14.0,1.8,4.6,0.392,0.9,2.5,0.352,0.6,0.7,0.903,0.4,1.1,1.5,1.0,0.5,0.1,0.5,0.9,5.1
Seth Curry,DAL,SG,36,12.7,1.5,4.0,0.372,0.8,2.2,0.363,0.5,0.5,0.895,0.4,1.0,1.4,0.8,0.5,0.1,0.4,0.9,4.3
Seth Curry,CHO,SG,8,19.9,3.3,7.4,0.441,1.1,3.5,0.321,1.4,1.5,0.917,0.4,1.6,2.0,1.8,0.6,0.4,0.6,0.9,9.0
Drew Eubanks,PHO,C,75,15.6,2.0,3.4,0.601,0.0,0.0,1.0,1.0,1.2,0.774,1.4,2.9,4.3,0.8,0.4,0.8,0.8,1.5,5.1
Bryce McGowens,CHO,SG,59,14.9,1.7,3.9,0.439,0.6,1.7,0.333,1.1,1.4,0.776,0.3,1.4,1.7,0.9,0.4,0.2,0.5,1.3,5.1
Richaun Holmes,2TM,C,40,13.9,2.1,3.7,0.558,0.0,0.1,0.333,0.9,1.2,0.723,1.8,2.8,4.6,0.6,0.3,0.5,0.6,1.9,5.0
Richaun Holmes,DAL,C,23,10.3,1.4,2.6,0.559,0.0,0.0,,0.5,0.9,0.571,1.4,2.0,3.4,0.7,0.1,0.4,0.5,1.4,3.4
Richaun Holmes,WAS,PF,17,18.7,2.9,5.2,0.557,0.1,0.2,0.333,1.3,1.5,0.846,2.2,3.9,6.1,0.6,0.5,0.6,0.7,2.4,7.1
Monte Morris,2TM,PG,33,14.4,1.9,4.6,0.405,0.8,2.1,0.386,0.4,0.6,0.684,0.2,1.5,1.7,2.1,0.6,0.3,0.2,0.4,5.0
Monte Morris,DET,PG,6,11.3,2.0,5.5,0.364,0.3,1.8,0.182,0.2,0.3,0.5,0.3,1.7,2.0,1.3,0.2,0.2,0.3,0.2,4.5
Monte Morris,MIN,PG,27,15.1,1.9,4.4,0.417,0.9,2.2,0.424,0.4,0.6,0.706,0.2,1.5,1.7,2.3,0.7,0.3,0.2,0.5,5.1
Goga Bitadze,ORL,C,62,15.4,2.0,3.4,0.603,0.0,0.2,0.143,0.9,1.4,0.655,1.8,2.9,4.6,1.3,0.5,1.2,0.7,1.7,5.0
Jevon Carter,CHI,PG,72,13.9,1.9,5.1,0.378,1.1,3.3,0.329,0.1,0.1,0.571,0.2,0.7,0.8,1.3,0.5,0.2,0.5,1.0,5.0
Devonte' Graham,SAS,PG,23,13.6,1.7,4.7,0.352,1.1,3.6,0.301,0.6,0.7,0.813,0.2,1.3,1.6,2.1,0.4,0.1,0.7,0.6,5.0
Isaiah Livers,DET,PF,23,20.4,1.7,5.0,0.345,1.0,3.3,0.286,0.5,0.8,0.667,0.7,1.4,2.1,1.1,0.6,0.2,0.7,1.9,5.0
Kobi Simmons,TOR,PG,4,16.8,2.3,5.3,0.429,0.5,2.0,0.25,0.0,0.0,,0.3,1.5,1.8,3.0,1.5,0.5,0.3,1.3,5.0
D.J. Wilson,PHI,PF,2,7.5,2.0,3.0,0.667,1.0,1.0,1.0,0.0,0.0,,0.5,0.5,1.0,1.0,0.0,1.0,0.0,0.5,5.0
Jalen Wilson,BRK,PF,43,15.4,1.8,4.2,0.425,0.6,1.7,0.324,0.9,1.1,0.826,1.1,2.0,3.0,1.0,0.3,0.1,0.4,1.1,5.0
Jock Landale,HOU,C,56,13.6,1.9,3.7,0.515,0.2,0.7,0.25,0.9,1.2,0.8,1.6,1.5,3.1,1.2,0.4,0.6,0.6,1.3,4.9
Garrison Mathews,ATL,SG,66,15.0,1.6,3.4,0.456,1.3,2.9,0.44,0.5,0.6,0.81,0.3,1.1,1.4,0.6,0.3,0.1,0.3,1.7,4.9
Jared Rhoden,DET,SG,17,14.4,1.9,3.9,0.5,0.7,1.8,0.387,0.3,0.5,0.625,0.2,1.8,1.9,0.8,0.2,0.8,0.4,1.6,4.9
Kobe Bufkin,ATL,SG,17,11.5,2.0,5.4,0.37,0.5,2.4,0.225,0.2,0.5,0.5,0.4,1.6,1.9,1.6,0.4,0.3,0.6,1.2,4.8
DeJon Jarreau,MEM,SG,9,16.7,1.9,5.6,0.34,0.4,1.4,0.308,0.6,1.2,0.455,0.9,4.0,4.9,2.9,0.7,0.2,1.0,1.6,4.8
Eugene Omoruyi,WAS,SF,43,9.1,1.9,3.9,0.485,0.3,1.1,0.283,0.7,1.1,0.653,0.8,1.2,2.0,0.8,0.6,0.1,0.5,1.4,4.8
Kenrich Williams,OKC,PF,69,14.9,1.9,4.1,0.468,0.8,2.0,0.397,0.1,0.2,0.5,0.9,2.1,3.0,1.3,0.6,0.1,0.5,1.5,4.7
Kenneth Lofton Jr.,3TM,PF,21,9.5,1.7,3.7,0.462,0.3,1.1,0.292,0.8,1.2,0.654,0.6,1.2,1.8,1.6,0.3,0.2,0.7,1.1,4.6
Kenneth Lofton Jr.,MEM,PF,15,6.6,0.9,2.5,0.378,0.2,0.7,0.3,0.5,1.0,0.533,0.1,0.9,1.0,0.9,0.2,0.2,0.4,1.0,2.6
Kenneth Lofton Jr.,PHI,PF,2,4.5,0.5,3.0,0.167,0.0,1.0,0.0,0.0,0.0,,0.0,1.5,1.5,0.0,0.0,0.0,1.0,0.0,1.0
Kenneth Lofton Jr.,UTA,PF,4,22.8,5.3,8.8,0.6,1.0,3.0,0.333,2.3,2.8,0.818,2.5,2.5,5.0,4.8,0.8,0.5,1.5,2.3,13.8
Anthony Black,ORL,PG,69,16.9,1.7,3.6,0.466,0.5,1.4,0.394,0.7,1.2,0.613,0.5,1.5,2.0,1.3,0.5,0.3,0.8,1.6,4.6
Josh Okogie,PHO,SG,60,16.0,1.4,3.4,0.417,0.5,1.6,0.309,1.3,1.7,0.745,1.2,1.3,2.6,1.1,0.8,0.4,0.6,1.1,4.6
Omer Yurtseven,UTA,C,48,11.4,2.1,3.8,0.538,0.1,0.5,0.208,0.4,0.6,0.679,1.5,2.8,4.3,0.6,0.2,0.4,0.8,1.1,4.6
Shake Milton,3TM,SG,48,12.1,1.6,4.1,0.405,0.4,1.3,0.281,0.8,1.0,0.816,0.3,1.3,1.6,1.3,0.4,0.1,0.6,1.1,4.5
Shake Milton,MIN,SG,38,12.9,1.7,4.2,0.4,0.4,1.4,0.264,0.9,1.2,0.818,0.2,1.2,1.3,1.3,0.4,0.1,0.7,1.2,4.7
Shake Milton,DET,SG,4,15.8,2.8,6.5,0.423,0.8,2.3,0.333,0.5,0.8,0.667,1.8,2.8,4.5,1.5,0.5,0.3,0.8,0.8,6.8
Shake Milton,NYK,SG,6,4.5,0.7,1.5,0.444,0.2,0.3,0.5,0.3,0.3,1.0,0.0,1.0,1.0,0.7,0.2,0.0,0.0,1.2,1.8
Delon Wright,2TM,PG,47,15.8,1.6,4.0,0.394,0.5,1.4,0.368,0.8,1.0,0.822,0.4,1.4,1.8,2.5,1.1,0.2,0.3,0.7,4.5
Delon Wright,WAS,PG,33,13.8,1.5,3.7,0.393,0.4,1.2,0.368,0.7,0.9,0.828,0.4,1.4,1.8,2.5,1.1,0.2,0.3,0.7,4.1
Delon Wright,MIA,PG,14,20.4,1.9,4.7,0.394,0.8,2.1,0.367,0.9,1.1,0.813,0.4,1.5,1.9,2.6,1.4,0.2,0.2,0.7,5.4
A.J. Green,MIL,SG,56,11.0,1.5,3.5,0.423,1.2,3.0,0.408,0.3,0.3,0.895,0.2,1.0,1.1,0.5,0.2,0.1,0.2,0.9,4.5
Kevon Looney,GSW,C,74,16.1,1.9,3.1,0.597,0.0,0.0,0.0,0.8,1.1,0.675,1.9,3.7,5.7,1.8,0.4,0.4,0.7,2.1,4.5
Taze Moore,POR,SG,4,10.0,2.0,4.8,0.421,0.3,1.8,0.143,0.3,0.5,0.5,1.0,1.0,2.0,1.3,0.5,0.0,0.8,1.0,4.5
Julian Strawther,DEN,SF,50,10.9,1.6,4.4,0.369,0.8,2.8,0.297,0.4,0.6,0.71,0.1,1.1,1.2,0.9,0.3,0.1,0.5,1.1,4.5
Bismack Biyombo,2TM,C,40,19.8,1.9,3.3,0.565,0.0,0.0,,0.7,1.4,0.481,1.6,3.7,5.2,1.3,0.3,0.9,1.1,2.2,4.4
Bismack Biyombo,MEM,C,30,23.9,2.2,4.0,0.563,0.0,0.0,,0.7,1.5,0.478,1.9,4.5,6.4,1.7,0.3,1.1,1.3,2.7,5.2
Bismack Biyombo,OKC,C,10,7.3,0.7,1.2,0.583,0.0,0.0,,0.4,0.8,0.5,0.5,1.3,1.8,0.2,0.1,0.3,0.4,0.7,1.8
Robert Covington,2TM,PF,29,16.8,1.5,3.4,0.439,0.7,1.9,0.339,0.8,0.9,0.846,1.1,2.3,3.3,0.8,1.3,0.6,0.4,1.9,4.4
Robert Covington,LAC,PF,3,23.0,1.0,3.0,0.333,0.7,2.7,0.25,0.3,0.7,0.5,0.7,2.0,2.7,2.3,2.0,0.7,0.0,2.3,3.0
Robert Covington,PHI,SF,26,16.1,1.5,3.4,0.449,0.7,1.8,0.354,0.8,0.9,0.875,1.1,2.3,3.4,0.7,1.3,0.6,0.4,1.9,4.5
Patrick Baldwin Jr.,WAS,SF,38,13.0,1.6,4.1,0.381,0.8,2.6,0.32,0.5,0.7,0.679,0.4,2.8,3.2,0.8,0.5,0.4,0.5,1.5,4.4
Mo Bamba,PHI,C,57,13.0,1.7,3.5,0.49,0.4,1.1,0.391,0.6,0.9,0.68,1.4,2.8,4.2,0.7,0.4,1.1,0.7,1.8,4.4
Dominick Barlow,SAS,PF,33,12.7,1.7,3.4,0.496,0.1,0.3,0.333,0.9,1.3,0.69,1.4,2.1,3.4,1.1,0.4,0.4,0.3,1.4,4.4
MarJon Beauchamp,MIL,SF,48,12.7,1.7,3.5,0.488,0.6,1.6,0.4,0.4,0.6,0.679,0.5,1.6,2.1,0.6,0.3,0.1,0.6,1.1,4.4
Joe Ingles,ORL,SF,68,17.2,1.5,3.3,0.436,1.0,2.4,0.435,0.4,0.5,0.824,0.3,1.8,2.1,3.0,0.6,0.1,1.0,1.3,4.4
Maxi Kleber,DAL,C,43,20.3,1.5,3.4,0.432,0.7,2.1,0.348,0.8,1.1,0.702,0.7,2.6,3.3,1.6,0.4,0.7,0.7,1.8,4.4
Jontay Porter,TOR,PF,26,13.8,1.5,4.0,0.385,0.8,2.3,0.333,0.6,0.7,0.833,1.0,2.2,3.2,2.3,0.8,0.8,0.8,1.3,4.4
Lester Quinones,GSW,SG,37,10.6,1.5,3.8,0.397,0.9,2.4,0.364,0.5,0.8,0.69,0.6,1.4,1.9,1.0,0.2,0.1,0.5,1.2,4.4
Ben Sheppard,IND,SG,57,14.3,1.6,4.0,0.393,0.9,2.7,0.314,0.4,0.5,0.885,0.3,1.3,1.6,0.9,0.6,0.0,0.3,1.5,4.4
Blake Wesley,SAS,SG,61,14.4,1.7,3.5,0.474,0.2,0.9,0.218,0.9,1.3,0.667,0.3,1.2,1.5,2.7,0.5,0.1,0.9,1.5,4.4
Jeff Dowtin,PHI,PG,12,11.8,1.7,3.0,0.556,0.8,1.6,0.474,0.3,0.3,0.75,0.3,1.4,1.7,2.3,0.6,0.1,0.4,0.1,4.3
Jaxson Hayes,LAL,C,70,12.5,1.8,2.5,0.72,0.0,0.1,0.0,0.7,1.2,0.622,1.0,2.0,3.0,0.5,0.5,0.4,0.6,1.8,4.3
Caleb Houstan,ORL,SF,59,13.8,1.4,3.5,0.388,1.2,3.3,0.373,0.4,0.4,0.808,0.5,0.9,1.4,0.5,0.3,0.1,0.3,1.0,4.3
John Konchar,MEM,SF,55,21.3,1.6,3.8,0.423,0.7,2.2,0.317,0.4,0.5,0.84,1.3,3.4,4.7,2.0,0.9,0.9,0.8,1.4,4.3
Dru Smith,MIA,SG,9,14.6,1.7,3.7,0.455,0.8,1.9,0.412,0.2,0.2,1.0,0.7,0.9,1.6,1.6,1.0,0.3,0.6,1.3,4.3
Thaddeus Young,2TM,PF,33,13.3,2.0,3.3,0.602,0.0,0.2,0.143,0.2,0.5,0.4,1.4,1.7,3.1,1.7,0.7,0.2,0.5,1.5,4.2
Thaddeus Young,TOR,PF,23,15.2,2.3,3.8,0.621,0.0,0.3,0.167,0.2,0.5,0.417,1.3,2.0,3.3,2.2,0.8,0.1,0.5,1.7,5.0
Thaddeus Young,PHO,PF,10,8.9,1.1,2.1,0.524,0.0,0.1,0.0,0.1,0.3,0.333,1.7,1.1,2.8,0.7,0.5,0.2,0.4,1.1,2.3
Jacob Gilyard,2TM,PG,41,17.0,1.5,3.7,0.4,1.2,3.1,0.405,0.0,0.0,1.0,0.2,0.9,1.1,3.3,0.8,0.1,0.7,1.0,4.2
Jacob Gilyard,MEM,PG,37,17.7,1.6,3.9,0.417,1.4,3.2,0.425,0.1,0.1,1.0,0.2,0.9,1.2,3.5,0.7,0.1,0.8,0.9,4.7
Jacob Gilyard,BRK,PG,4,11.3,0.0,1.5,0.0,0.0,1.5,0.0,0.0,0.0,,0.3,0.5,0.8,1.5,1.5,0.0,0.3,1.0,0.0
Armoni Brooks,BRK,PG,10,10.4,1.5,4.6,0.326,1.1,3.2,0.344,0.1,0.2,0.5,0.7,1.1,1.8,0.5,0.1,0.1,0.3,0.3,4.2
Troy Brown Jr.,2TM,SF,59,14.0,1.4,3.8,0.372,0.8,2.4,0.333,0.5,0.6,0.865,0.4,2.0,2.4,1.0,0.4,0.1,0.5,0.7,4.2
Troy Brown Jr.,MIN,SF,37,11.1,1.4,3.2,0.441,0.8,2.3,0.369,0.5,0.6,0.864,0.4,1.6,1.9,0.9,0.2,0.1,0.5,0.7,4.2
Troy Brown Jr.,DET,SF,22,19.0,1.5,4.9,0.296,0.7,2.6,0.281,0.6,0.7,0.867,0.5,2.8,3.3,1.1,0.7,0.0,0.5,0.7,4.2
Max Christie,LAL,SG,67,14.1,1.5,3.6,0.427,0.6,1.8,0.356,0.5,0.7,0.783,0.2,1.9,2.1,0.9,0.3,0.3,0.5,0.9,4.2
Ashton Hagans,POR,PG,19,16.6,1.5,3.7,0.408,0.4,1.3,0.32,0.7,0.9,0.824,0.7,1.6,2.4,2.8,0.6,0.5,1.6,2.1,4.2
Danuel House Jr.,PHI,SF,34,15.0,1.4,3.1,0.448,0.4,1.5,0.3,1.0,1.4,0.761,0.5,1.2,1.7,0.8,0.4,0.1,0.6,1.3,4.2
Skylar Mays,2TM,SG,38,11.4,1.7,4.2,0.396,0.4,1.4,0.296,0.3,0.4,0.765,0.3,0.9,1.1,2.2,0.6,0.1,0.5,0.7,4.1
Skylar Mays,POR,PG,21,17.0,2.5,6.6,0.384,0.7,2.3,0.286,0.6,0.8,0.765,0.4,1.3,1.8,3.6,0.7,0.1,0.9,1.0,6.3
Skylar Mays,LAL,SG,17,4.5,0.6,1.2,0.476,0.1,0.3,0.4,0.0,0.0,,0.1,0.3,0.4,0.6,0.4,0.1,0.1,0.4,1.3
Sandro Mamukelashvili,SAS,C,46,9.8,1.6,3.4,0.471,0.4,1.4,0.297,0.5,0.7,0.735,1.0,2.2,3.2,1.1,0.2,0.3,0.4,0.8,4.1
Luka Samanic,UTA,PF,43,9.4,1.4,3.7,0.38,0.3,1.5,0.203,1.0,1.3,0.786,0.5,1.9,2.4,0.4,0.1,0.2,0.7,0.7,4.1
Jae'Sean Tate,HOU,SF,65,15.9,1.7,3.5,0.472,0.4,1.2,0.299,0.4,0.6,0.667,0.9,2.1,3.0,1.0,0.6,0.2,0.6,2.1,4.1
Patty Mills,2TM,PG,32,13.0,1.4,4.1,0.351,0.8,2.7,0.276,0.3,0.3,1.0,0.3,0.8,1.1,1.1,0.6,0.0,0.5,1.0,4.0
Patty Mills,ATL,PG,19,10.6,1.0,2.7,0.373,0.7,1.8,0.382,0.0,0.0,,0.3,0.8,1.1,0.7,0.5,0.1,0.4,0.9,2.7
Patty Mills,MIA,PG,13,16.4,2.1,6.2,0.338,0.8,4.1,0.208,0.8,0.8,1.0,0.3,0.8,1.2,1.5,0.8,0.0,0.6,1.2,5.8
Izaiah Brockington,NOP,PG,1,3.0,2.0,5.0,0.4,0.0,1.0,0.0,0.0,0.0,,1.0,1.0,2.0,0.0,0.0,0.0,0.0,0.0,4.0
Ousmane Dieng,OKC,PF,33,11.1,1.5,3.5,0.422,0.6,2.1,0.3,0.4,0.5,0.875,0.3,1.2,1.5,1.1,0.2,0.2,0.6,0.7,4.0
Luka Garza,MIN,C,25,4.9,1.4,3.0,0.48,0.4,1.3,0.281,0.7,1.0,0.72,0.8,0.5,1.2,0.2,0.2,0.0,0.2,1.0,4.0
Mouhamed Gueye,ATL,PF,6,12.2,1.3,3.8,0.348,0.5,1.5,0.333,0.8,1.0,0.833,1.7,2.0,3.7,0.7,0.8,0.7,0.2,2.2,4.0
Justin Holiday,DEN,SG,58,14.9,1.5,3.3,0.454,0.9,2.3,0.404,0.1,0.1,0.75,0.2,1.1,1.2,1.2,0.6,0.2,0.2,1.2,4.0
Matthew Hurt,MEM,PF,8,14.1,1.5,4.3,0.353,0.6,2.5,0.25,0.4,0.4,1.0,1.1,0.9,2.0,0.5,0.4,0.4,0.3,1.0,4.0
JaVale McGee,SAC,C,46,7.4,1.7,2.9,0.598,0.0,0.2,0.143,0.6,1.0,0.578,0.9,1.8,2.7,0.4,0.3,0.4,0.7,1.0,4.0
Svi Mykhailiuk,BOS,SF,41,10.1,1.4,3.3,0.416,1.0,2.6,0.389,0.1,0.2,0.667,0.3,1.0,1.2,0.9,0.3,0.0,0.3,0.5,4.0
Rayan Rupert,POR,SG,39,16.2,1.4,4.1,0.335,0.7,2.0,0.359,0.5,0.6,0.76,0.6,1.7,2.4,1.6,0.3,0.1,0.8,1.4,4.0
Adama Sanogo,CHI,PF,9,7.3,1.6,3.0,0.519,0.0,0.0,,0.9,1.3,0.667,2.1,1.9,4.0,0.0,0.1,0.0,0.6,0.6,4.0
Jaylin Williams,OKC,C,69,13.0,1.4,3.3,0.417,0.8,2.1,0.368,0.5,0.6,0.805,0.5,2.9,3.4,1.6,0.4,0.4,0.5,1.4,4.0
Jules Bernard,WAS,SG,19,7.8,1.5,3.4,0.453,0.6,1.5,0.379,0.3,0.5,0.556,0.5,0.8,1.4,0.8,0.2,0.1,0.4,0.7,3.9
Chris Duarte,SAC,SF,59,12.2,1.4,3.6,0.381,0.7,2.2,0.346,0.4,0.6,0.788,0.4,1.4,1.8,0.7,0.5,0.1,0.4,1.4,3.9
DeAndre Jordan,DEN,C,36,11.0,1.6,2.6,0.624,0.0,0.0,,0.7,1.5,0.491,1.5,2.9,4.4,0.7,0.2,0.4,0.6,1.6,3.9
Sidy Cissoko,SAS,SF,12,11.8,1.3,2.8,0.485,0.1,1.0,0.083,1.0,1.3,0.8,0.7,1.2,1.8,0.8,0.6,0.3,0.3,1.5,3.8
Anthony Gill,WAS,PF,50,9.3,1.5,3.2,0.469,0.2,0.8,0.244,0.6,0.7,0.806,0.7,1.1,1.9,0.7,0.3,0.2,0.5,1.0,3.8
KJ Martin,2TM,SF,60,12.4,1.6,3.0,0.536,0.1,0.5,0.286,0.4,0.7,0.537,0.7,1.5,2.2,0.9,0.4,0.2,0.5,1.7,3.7
KJ Martin,LAC,SF,2,15.5,2.0,5.0,0.4,0.5,2.5,0.2,0.5,1.0,0.5,0.5,1.0,1.5,0.5,1.0,0.5,1.0,1.5,5.0
KJ Martin,PHI,SF,58,12.3,1.6,2.9,0.544,0.1,0.4,0.304,0.4,0.7,0.538,0.7,1.5,2.2,0.9,0.3,0.2,0.5,1.7,3.7
Keita Bates-Diop,2TM,SF,53,12.5,1.4,3.1,0.434,0.4,1.3,0.304,0.6,0.8,0.762,0.6,1.5,2.1,0.7,0.5,0.4,0.3,0.7,3.7
Keita Bates-Diop,PHO,SF,39,15.3,1.6,3.8,0.427,0.5,1.6,0.313,0.7,0.9,0.722,0.8,1.8,2.6,0.9,0.6,0.5,0.3,0.8,4.5
Keita Bates-Diop,BRK,SF,14,4.9,0.6,1.1,0.5,0.1,0.4,0.2,0.4,0.4,1.0,0.1,0.6,0.6,0.3,0.2,0.1,0.1,0.1,1.6
Oshae Brissett,BOS,SF,55,11.5,1.2,2.8,0.444,0.3,1.0,0.273,0.9,1.5,0.602,1.1,1.8,2.9,0.8,0.3,0.1,0.4,1.0,3.7
Jamal Cain,MIA,PF,26,10.0,1.3,3.0,0.43,0.4,1.2,0.355,0.7,0.9,0.783,0.6,0.8,1.4,0.4,0.4,0.2,0.3,0.8,3.7
Drew Peterson,BOS,PF,3,7.7,1.3,2.0,0.667,1.0,1.7,0.6,0.0,0.0,,0.0,0.3,0.3,0.3,0.7,0.0,0.3,0.3,3.7
T.J. Warren,MIN,SF,11,11.4,1.6,3.7,0.439,0.2,1.2,0.154,0.3,0.4,0.75,0.5,1.5,2.0,0.8,0.4,0.1,0.4,1.0,3.7
James Bouknight,CHO,SG,14,5.8,1.3,2.9,0.439,0.9,2.1,0.433,0.1,0.1,0.5,0.1,0.6,0.6,0.4,0.1,0.1,0.1,0.2,3.6
Collin Gillespie,DEN,PG,24,9.4,1.3,2.9,0.464,0.6,1.6,0.395,0.3,0.5,0.667,0.0,0.8,0.9,1.1,0.5,0.0,0.6,1.0,3.6
Gui Santos,GSW,PF,23,8.3,1.2,2.4,0.509,0.4,1.2,0.37,0.7,0.7,0.941,0.7,1.4,2.1,0.6,0.2,0.1,0.3,1.0,3.6
Jarace Walker,IND,PF,33,10.3,1.4,3.3,0.409,0.7,1.7,0.4,0.2,0.3,0.889,0.4,1.5,1.9,1.2,0.5,0.3,0.5,0.9,3.6
Lindy Waters III,OKC,SG,38,7.4,1.3,2.7,0.471,1.0,2.2,0.435,0.1,0.1,1.0,0.2,0.9,1.1,0.6,0.1,0.2,0.2,0.6,3.6
Theo Maledon,2TM,PG,17,12.5,1.2,4.1,0.286,0.3,1.8,0.167,0.8,0.9,0.933,0.2,1.2,1.4,1.6,0.4,0.0,1.1,1.2,3.5
Theo Maledon,CHO,PG,13,15.4,1.5,5.1,0.288,0.4,2.3,0.167,0.8,0.9,0.917,0.3,1.5,1.8,2.2,0.5,0.0,1.2,1.4,4.2
Theo Maledon,PHO,PG,4,3.3,0.3,1.0,0.25,0.0,0.0,,0.8,0.8,1.0,0.0,0.3,0.3,0.0,0.0,0.0,0.8,0.8,1.3
Onuralp Bitim,CHI,SG,23,11.7,1.4,3.7,0.381,0.5,1.9,0.273,0.2,0.2,0.8,0.3,1.1,1.4,0.6,0.1,0.1,0.4,1.0,3.5
Jordan McLaughlin,MIN,PG,56,11.2,1.3,2.6,0.483,0.8,1.6,0.472,0.2,0.3,0.722,0.3,1.0,1.3,2.0,0.6,0.1,0.3,0.6,3.5
Marques Bolden,2TM,C,11,11.0,1.5,2.3,0.68,0.0,0.1,0.0,0.3,0.4,0.75,0.9,2.2,3.1,0.4,0.3,0.6,0.3,0.9,3.4
Marques Bolden,MIL,C,2,1.5,0.0,0.0,,0.0,0.0,,0.0,0.0,,0.0,1.0,1.0,0.0,0.0,0.0,0.0,0.5,0.0
Marques Bolden,CHO,C,9,13.1,1.9,2.8,0.68,0.0,0.1,0.0,0.3,0.4,0.75,1.1,2.4,3.6,0.4,0.3,0.8,0.3,1.0,4.1
Ryan Rollins,2TM,PG,13,6.0,1.1,2.1,0.519,0.2,0.3,0.75,1.0,1.3,0.765,0.2,0.8,1.0,1.1,0.8,0.2,0.6,0.6,3.4
Ryan Rollins,WAS,PG,10,6.6,1.3,2.5,0.52,0.2,0.3,0.667,1.3,1.7,0.765,0.2,0.9,1.1,1.1,0.8,0.3,0.7,0.7,4.1
Ryan Rollins,MIL,PG,3,4.0,0.3,0.7,0.5,0.3,0.3,1.0,0.0,0.0,,0.0,0.7,0.7,1.0,0.7,0.0,0.3,0.3,1.0
Yuta Watanabe,2TM,SF,34,13.6,1.2,3.4,0.353,0.7,2.5,0.294,0.3,0.5,0.588,0.3,1.3,1.6,0.4,0.4,0.2,0.6,1.1,3.4
Yuta Watanabe,PHO,SF,29,13.2,1.2,3.3,0.361,0.8,2.6,0.32,0.3,0.5,0.667,0.4,1.2,1.6,0.3,0.3,0.2,0.6,1.2,3.6
Yuta Watanabe,MEM,SF,5,16.4,1.2,3.8,0.316,0.2,2.0,0.1,0.0,0.4,0.0,0.0,1.8,1.8,1.0,0.6,0.0,0.6,1.0,2.6
Buddy Boeheim,DET,SF,10,8.4,0.9,2.9,0.31,0.8,2.5,0.32,0.8,1.0,0.8,0.3,0.7,1.0,0.3,0.0,0.1,0.0,0.5,3.4
Moses Brown,POR,C,22,9.1,1.5,3.0,0.508,0.0,0.0,,0.4,1.4,0.29,1.7,2.2,3.9,0.3,0.2,0.3,0.5,1.2,3.4
Wenyen Gabriel,MEM,PF,5,16.2,1.6,4.4,0.364,0.2,1.2,0.167,0.0,1.0,0.0,1.4,3.6,5.0,0.6,0.4,0.4,1.6,2.0,3.4
Nassir Little,PHO,SF,45,10.2,1.3,2.8,0.46,0.5,1.6,0.3,0.4,0.4,0.85,0.3,1.4,1.7,0.5,0.2,0.2,0.3,0.9,3.4
Jalen McDaniels,TOR,SF,50,10.8,1.3,3.8,0.344,0.2,1.4,0.169,0.5,0.7,0.73,0.4,1.2,1.6,0.7,0.4,0.1,0.6,1.0,3.4
Jaden Springer,2TM,PG,49,10.3,1.2,3.0,0.399,0.2,1.0,0.208,0.7,0.9,0.833,0.7,0.9,1.6,0.9,0.7,0.3,0.7,1.3,3.3
Jaden Springer,PHI,SG,32,11.8,1.4,3.7,0.39,0.3,1.2,0.216,0.9,1.1,0.824,0.8,1.0,1.8,1.1,0.8,0.3,0.8,1.5,4.0
Jaden Springer,BOS,PG,17,7.6,0.8,1.8,0.433,0.1,0.6,0.182,0.4,0.5,0.875,0.5,0.7,1.2,0.5,0.6,0.2,0.5,1.0,2.1
Charles Bassey,SAS,C,19,10.8,1.5,2.1,0.725,0.0,0.1,0.0,0.3,0.3,0.833,1.2,2.8,4.0,1.1,0.4,0.9,0.8,1.6,3.3
Micah Potter,UTA,PF,16,11.6,1.2,2.5,0.475,0.6,1.3,0.429,0.4,0.5,0.75,0.6,2.1,2.7,0.4,0.3,0.4,0.3,0.9,3.3
Dwight Powell,DAL,C,63,13.3,1.1,1.7,0.679,0.0,0.0,0.333,1.0,1.4,0.708,1.5,1.9,3.4,1.3,0.4,0.3,0.5,1.8,3.3
Terquavion Smith,PHI,PG,16,5.3,1.1,2.9,0.391,0.8,2.2,0.371,0.2,0.3,0.6,0.0,0.3,0.3,0.8,0.5,0.0,0.4,0.5,3.3
Garrett Temple,TOR,SG,27,10.7,1.1,2.9,0.372,0.4,1.5,0.3,0.7,0.8,0.818,0.7,1.0,1.7,1.0,0.4,0.1,0.5,1.0,3.3
Tristan Thompson,CLE,C,49,11.2,1.5,2.4,0.608,0.0,0.0,0.0,0.3,1.1,0.288,1.5,2.1,3.6,1.0,0.2,0.3,0.6,1.2,3.3
Oscar Tshiebwe,IND,PF,8,5.3,1.3,2.5,0.5,0.0,0.0,,0.8,1.0,0.75,1.0,1.0,2.0,0.3,0.3,0.1,0.0,0.4,3.3
Kira Lewis Jr.,3TM,PG,28,9.5,1.2,3.3,0.37,0.1,1.2,0.121,0.6,0.7,0.85,0.3,0.6,0.9,1.3,0.3,0.1,0.5,0.5,3.2
Kira Lewis Jr.,NOP,PG,15,9.6,1.1,3.5,0.308,0.1,1.3,0.1,0.7,0.7,0.909,0.3,0.7,0.9,1.2,0.3,0.1,0.5,0.5,2.9
Kira Lewis Jr.,TOR,PG,1,2.0,0.0,0.0,,0.0,0.0,,0.0,0.0,,0.0,0.0,0.0,0.0,0.0,0.0,0.0,1.0,0.0
Kira Lewis Jr.,UTA,PG,12,9.9,1.5,3.3,0.45,0.2,1.1,0.154,0.6,0.8,0.778,0.4,0.6,1.0,1.6,0.3,0.1,0.5,0.3,3.8
A.J. Lawson,DAL,SG,42,7.4,1.3,2.9,0.446,0.3,1.2,0.26,0.4,0.5,0.652,0.3,0.9,1.2,0.5,0.2,0.1,0.3,0.5,3.2
Boban Marjanovic,HOU,C,14,5.1,1.3,2.4,0.529,0.0,0.1,0.0,0.6,1.0,0.643,0.5,1.8,2.3,0.4,0.1,0.1,0.4,0.4,3.2
Zeke Nnaji,DEN,PF,58,9.9,1.2,2.6,0.463,0.1,0.4,0.261,0.7,1.1,0.677,1.1,1.1,2.2,0.6,0.3,0.7,0.5,1.4,3.2
Ish Smith,CHO,PG,43,17.2,1.5,3.7,0.418,0.1,0.2,0.5,0.1,0.1,0.75,0.3,1.5,1.8,3.4,0.4,0.1,1.1,1.1,3.2
JT Thor,CHO,PF,63,12.4,1.3,2.9,0.437,0.4,1.3,0.346,0.2,0.3,0.55,0.7,1.6,2.3,0.5,0.2,0.4,0.2,1.0,3.2
Brandon Williams,DAL,PG,17,6.6,1.2,3.2,0.37,0.2,0.9,0.2,0.6,1.0,0.647,0.2,0.5,0.8,1.0,0.1,0.1,0.4,0.2,3.2
Wesley Matthews,ATL,SG,36,11.5,0.9,2.7,0.351,0.7,1.9,0.348,0.5,0.7,0.75,0.3,1.2,1.5,0.6,0.4,0.3,0.2,1.2,3.1
Dalen Terry,CHI,SG,59,11.5,1.2,2.7,0.439,0.3,1.3,0.23,0.4,0.7,0.581,0.5,1.4,1.9,1.4,0.5,0.3,0.5,1.4,3.1
Gabe Vincent,LAL,PG,11,19.8,1.4,4.5,0.306,0.3,2.5,0.107,0.1,0.2,0.5,0.4,0.5,0.8,1.9,0.8,0.0,0.5,1.7,3.1
Mike Muscala,3TM,C,53,11.3,1.1,2.9,0.359,0.5,1.8,0.292,0.3,0.5,0.68,0.7,1.6,2.4,0.7,0.2,0.2,0.4,1.0,3.0
Mike Muscala,WAS,C,24,14.1,1.4,3.8,0.367,0.6,2.1,0.275,0.6,0.8,0.75,0.9,2.2,3.1,0.9,0.2,0.3,0.7,1.3,4.0
Mike Muscala,DET,C,13,13.2,1.2,3.4,0.341,1.0,2.6,0.382,0.2,0.3,0.5,0.8,1.5,2.2,0.8,0.2,0.4,0.2,1.0,3.5
Mike Muscala,OKC,C,16,5.7,0.5,1.4,0.364,0.1,0.7,0.091,0.0,0.1,0.0,0.4,0.9,1.3,0.3,0.1,0.1,0.3,0.5,1.1
Johnny Davis,WAS,SG,50,12.3,1.2,3.1,0.403,0.3,0.8,0.35,0.3,0.5,0.583,0.4,1.1,1.4,0.6,0.4,0.2,0.3,1.1,3.0
Saben Lee,PHO,PG,24,7.7,0.8,2.3,0.364,0.1,0.7,0.125,1.2,1.6,0.744,0.4,0.9,1.3,1.3,0.3,0.1,0.3,0.5,3.0
Olivier-Maxence Prosper,DAL,PF,40,8.4,1.0,2.6,0.385,0.3,1.1,0.289,0.7,1.0,0.683,0.6,1.4,2.0,0.6,0.2,0.1,0.2,0.5,3.0
Trevelin Queen,ORL,SG,14,11.8,1.0,2.7,0.368,0.2,1.2,0.176,0.6,0.9,0.75,0.2,1.2,1.4,1.3,0.5,0.4,0.5,1.1,2.9
Jeremiah Robinson-Earl,NOP,PF,39,8.6,1.2,2.4,0.474,0.3,1.0,0.333,0.3,0.4,0.75,0.6,1.4,1.9,0.5,0.3,0.1,0.4,0.6,2.9
Jeenathan Williams,HOU,SG,22,5.9,1.2,2.3,0.54,0.1,0.2,0.4,0.3,0.6,0.538,0.5,0.5,1.0,0.3,0.2,0.0,0.2,0.5,2.9
D.J. Carton,TOR,SG,4,9.0,0.8,2.0,0.375,0.3,1.0,0.25,1.0,1.3,0.8,0.5,0.5,1.0,0.8,0.3,0.0,0.3,0.8,2.8
Henri Drell,CHI,SF,4,7.5,1.0,2.5,0.4,0.5,1.5,0.333,0.3,0.5,0.5,0.3,0.8,1.0,1.0,0.5,0.3,0.5,1.5,2.8
Orlando Robinson,MIA,C,36,8.4,1.0,2.0,0.5,0.2,0.4,0.533,0.5,0.7,0.76,0.8,1.6,2.3,0.9,0.2,0.2,0.5,1.0,2.8
Emoni Bates,CLE,SF,15,8.9,1.0,3.3,0.306,0.7,2.2,0.303,0.1,0.3,0.25,0.1,0.9,0.9,0.7,0.1,0.1,0.5,0.3,2.7
Leaky Black,CHO,SF,26,10.9,1.0,2.0,0.481,0.3,0.8,0.45,0.4,0.6,0.667,0.3,1.5,1.8,0.9,0.3,0.4,0.2,0.7,2.7
Damian Jones,CLE,C,39,6.9,1.1,1.8,0.597,0.1,0.4,0.214,0.5,0.5,0.857,0.5,1.1,1.6,0.4,0.2,0.3,0.3,0.7,2.7
Malik Williams,TOR,C,7,15.3,1.3,4.9,0.265,0.1,0.7,0.2,0.0,0.3,0.0,2.1,3.3,5.4,0.3,0.4,0.6,0.4,2.1,2.7
Timmy Allen,MEM,SF,5,25.0,1.2,4.6,0.261,0.0,1.4,0.0,0.2,0.4,0.5,0.8,2.6,3.4,1.0,0.8,0.0,0.4,3.6,2.6
Moussa Diabate,LAC,C,11,5.8,0.9,1.7,0.526,0.0,0.0,,0.8,1.3,0.643,1.4,0.8,2.2,0.4,0.5,0.1,0.2,0.4,2.6
Otto Porter Jr.,TOR,SF,15,11.6,0.9,2.2,0.424,0.5,1.5,0.348,0.2,0.2,1.0,0.4,1.5,1.9,0.5,0.3,0.3,0.1,1.3,2.6
Alex Fudge,2TM,SF,6,6.7,1.0,2.5,0.4,0.2,0.8,0.2,0.3,0.3,1.0,0.7,0.2,0.8,0.0,0.5,0.0,0.3,0.3,2.5
Alex Fudge,LAL,SF,4,3.5,0.3,1.5,0.167,0.0,0.5,0.0,0.5,0.5,1.0,0.5,0.0,0.5,0.0,0.0,0.0,0.3,0.3,1.0
Alex Fudge,DAL,SF,2,13.0,2.5,4.5,0.556,0.5,1.5,0.333,0.0,0.0,,1.0,0.5,1.5,0.0,1.5,0.0,0.5,0.5,5.5
Dylan Windler,3TM,SF,17,6.4,0.9,1.8,0.5,0.8,1.6,0.481,0.0,0.0,,0.2,0.8,0.9,0.6,0.1,0.0,0.1,0.4,2.5
Dylan Windler,NYK,SF,3,2.3,0.3,0.7,0.5,0.3,0.7,0.5,0.0,0.0,,0.0,0.3,0.3,0.3,0.0,0.0,0.0,0.3,1.0
Dylan Windler,LAL,SF,8,3.5,0.5,1.1,0.444,0.5,1.0,0.5,0.0,0.0,,0.0,0.4,0.4,0.8,0.0,0.0,0.0,0.3,1.5
Dylan Windler,ATL,SF,6,12.2,1.7,3.2,0.526,1.3,2.8,0.471,0.0,0.0,,0.5,1.5,2.0,0.5,0.3,0.0,0.3,0.5,4.7
Greg Brown III,DAL,PF,6,6.7,0.8,1.8,0.455,0.2,0.5,0.333,0.7,1.5,0.444,0.5,1.0,1.5,0.7,0.0,0.7,0.7,0.8,2.5
Furkan Korkmaz,PHI,SG,35,8.6,0.9,2.2,0.395,0.4,1.1,0.35,0.4,0.6,0.7,0.1,0.7,0.9,0.7,0.4,0.1,0.3,0.5,2.5
Alex Len,SAC,C,48,9.3,1.0,1.7,0.617,0.0,0.1,0.0,0.4,0.7,0.588,1.0,1.7,2.7,1.0,0.2,0.7,0.6,1.4,2.5
Markieff Morris,DAL,PF,26,8.3,0.9,2.6,0.338,0.6,1.6,0.357,0.2,0.2,0.833,0.2,1.3,1.5,0.6,0.2,0.1,0.5,0.5,2.5
Harry Giles,2TM,C,23,4.3,1.0,2.2,0.46,0.1,0.6,0.214,0.3,0.6,0.538,0.5,0.8,1.3,0.3,0.1,0.1,0.3,0.7,2.4
Harry Giles,BRK,C,16,5.1,1.4,2.8,0.5,0.2,0.7,0.273,0.4,0.8,0.538,0.8,0.9,1.6,0.4,0.1,0.2,0.4,0.9,3.4
Harry Giles,LAL,C,7,2.7,0.1,0.9,0.167,0.0,0.4,0.0,0.0,0.0,,0.0,0.6,0.6,0.0,0.1,0.0,0.0,0.0,0.3
AJ Griffin,ATL,SF,20,8.6,0.9,3.1,0.29,0.5,2.0,0.256,0.1,0.1,1.0,0.1,0.8,0.9,0.3,0.1,0.1,0.4,0.3,2.4
Mouhamadou Gueye,TOR,PF,11,10.9,1.0,3.5,0.289,0.0,0.3,0.0,0.4,0.8,0.444,1.1,1.0,2.1,0.5,0.3,1.6,1.1,1.4,2.4
Joe Harris,DET,SG,16,10.6,0.9,2.4,0.359,0.6,1.9,0.333,0.1,0.1,0.5,0.2,0.6,0.8,0.6,0.2,0.1,0.3,1.2,2.4
Cory Joseph,GSW,PG,26,11.4,0.9,2.5,0.359,0.5,1.6,0.31,0.2,0.3,0.571,0.2,0.9,1.2,1.6,0.2,0.1,0.5,1.0,2.4
Xavier Moon,LAC,SG,14,8.5,1.1,3.3,0.326,0.1,1.2,0.118,0.1,0.1,0.5,0.6,0.7,1.3,1.5,0.2,0.2,0.4,0.6,2.4
Jamaree Bouyea,2TM,PG,9,10.6,1.1,3.1,0.357,0.1,1.0,0.111,0.0,0.0,,0.3,1.8,2.1,1.2,0.1,0.0,1.0,1.1,2.3
Jamaree Bouyea,POR,PG,6,9.5,0.8,3.5,0.238,0.0,1.3,0.0,0.0,0.0,,0.3,1.3,1.7,1.3,0.0,0.0,1.3,0.5,1.7
Jamaree Bouyea,SAS,PG,3,12.7,1.7,2.3,0.714,0.3,0.3,1.0,0.0,0.0,,0.3,2.7,3.0,1.0,0.3,0.0,0.3,2.3,3.7
Amari Bailey,CHO,PG,10,6.5,0.8,2.4,0.333,0.1,0.8,0.125,0.6,0.7,0.857,0.6,0.3,0.9,0.7,0.3,0.0,0.4,0.2,2.3
Isaiah Mobley,CLE,PF,10,7.2,1.0,2.4,0.417,0.3,1.0,0.3,0.0,0.1,0.0,0.3,0.7,1.0,0.6,0.2,0.0,0.2,0.6,2.3
Chuma Okeke,ORL,SF,47,9.2,0.9,2.4,0.357,0.5,1.7,0.28,0.1,0.1,0.571,0.4,1.3,1.7,0.4,0.2,0.1,0.3,0.4,2.3
Olivier Sarr,OKC,C,15,6.5,0.7,1.3,0.579,0.1,0.4,0.333,0.7,1.0,0.667,0.7,1.7,2.4,0.1,0.0,0.5,0.2,1.2,2.3
Dereon Seabron,NOP,SG,6,9.2,0.7,2.2,0.308,0.2,0.3,0.5,0.8,1.0,0.833,0.2,1.0,1.2,0.8,0.3,0.2,0.0,0.7,2.3
Cole Swider,MIA,SF,18,4.8,0.8,2.1,0.395,0.6,1.7,0.333,0.1,0.1,1.0,0.1,0.3,0.4,0.3,0.1,0.1,0.4,0.2,2.3
Udoka Azubuike,PHO,C,16,7.1,1.0,1.4,0.696,0.0,0.0,,0.2,0.8,0.231,0.7,1.3,2.0,0.2,0.1,0.4,0.3,1.1,2.2
Reggie Bullock,HOU,SF,44,9.5,0.8,1.9,0.415,0.6,1.5,0.403,0.0,0.0,1.0,0.1,1.5,1.7,0.3,0.3,0.1,0.2,0.7,2.2
Trent Forrest,ATL,SG,38,10.9,0.9,2.4,0.378,0.1,0.3,0.2,0.3,0.4,0.765,0.3,1.1,1.3,2.4,0.3,0.1,0.5,0.7,2.2
Nate Hinton,HOU,SG,15,5.0,0.7,1.7,0.423,0.5,0.9,0.5,0.3,0.3,0.8,0.5,1.0,1.5,0.7,0.2,0.1,0.2,0.7,2.2
Andre Jackson Jr.,MIL,SG,57,10.0,0.9,1.8,0.5,0.3,0.8,0.37,0.1,0.2,0.727,0.8,1.2,2.0,0.9,0.3,0.1,0.5,1.6,2.2
Julian Phillips,CHI,SF,40,8.1,0.8,1.9,0.416,0.3,1.0,0.316,0.3,0.5,0.684,0.3,0.6,0.9,0.3,0.2,0.2,0.3,1.0,2.2
Ish Wainright,2TM,SF,11,5.6,0.6,2.2,0.292,0.6,1.8,0.35,0.2,0.2,1.0,0.3,1.0,1.3,0.1,0.4,0.1,0.2,0.7,2.1
Ish Wainright,POR,SF,7,6.6,0.9,2.6,0.333,0.9,2.3,0.375,0.3,0.3,1.0,0.0,1.3,1.3,0.0,0.3,0.1,0.1,0.6,2.9
Ish Wainright,PHO,SF,4,4.0,0.3,1.5,0.167,0.3,1.0,0.25,0.0,0.0,,0.8,0.5,1.3,0.3,0.5,0.0,0.3,1.0,0.8
Colby Jones,SAC,SG,30,6.4,0.9,2.4,0.394,0.1,0.7,0.091,0.2,0.4,0.545,0.6,0.8,1.3,0.7,0.2,0.2,0.3,1.0,2.1
Mamadi Diakite,2TM,PF,6,4.0,0.7,1.0,0.667,0.0,0.2,0.0,0.7,1.0,0.667,0.2,0.5,0.7,0.3,0.2,0.2,0.2,0.3,2.0
Mamadi Diakite,SAS,PF,3,5.3,1.3,1.7,0.8,0.0,0.0,,1.3,2.0,0.667,0.3,0.7,1.0,0.7,0.0,0.3,0.0,0.3,4.0
Mamadi Diakite,NYK,PF,3,2.7,0.0,0.3,0.0,0.0,0.3,0.0,0.0,0.0,,0.0,0.3,0.3,0.0,0.3,0.0,0.3,0.3,0.0
Kobe Brown,LAC,PF,44,9.0,0.8,2.0,0.411,0.3,1.1,0.292,0.0,0.0,0.5,0.5,1.0,1.4,0.6,0.3,0.1,0.2,1.1,2.0
JD Davison,BOS,SG,8,4.9,0.6,1.5,0.417,0.4,0.9,0.429,0.4,0.5,0.75,0.3,1.0,1.3,1.3,0.1,0.1,0.3,0.5,2.0
Jordan Ford,SAC,PG,6,3.7,0.7,1.2,0.571,0.3,0.5,0.667,0.3,0.3,1.0,0.0,0.3,0.3,0.3,0.0,0.0,0.2,0.0,2.0
Kevon Harris,ORL,SG,2,3.0,1.0,1.5,0.667,0.0,0.0,,0.0,0.0,,0.0,1.0,1.0,0.5,0.0,0.0,0.5,1.5,2.0
D'Moi Hodge,LAL,SG,7,5.9,0.7,2.1,0.333,0.4,1.7,0.25,0.1,0.3,0.5,0.0,0.0,0.0,0.7,0.1,0.1,0.1,0.6,2.0
Ty Jerome,CLE,SG,2,7.5,1.0,2.0,0.5,0.0,0.5,0.0,0.0,0.0,,0.5,0.0,0.5,1.5,0.0,0.0,0.5,1.0,2.0
Markquis Nowell,TOR,SG,1,4.0,0.0,1.0,0.0,0.0,0.0,,2.0,2.0,1.0,2.0,0.0,2.0,2.0,1.0,0.0,0.0,0.0,2.0
Jericho Sims,NYK,C,45,13.0,0.8,1.2,0.691,0.0,0.0,,0.4,0.5,0.667,1.2,2.0,3.3,0.6,0.2,0.4,0.4,1.0,2.0
Lindell Wigginton,MIL,PG,3,2.7,0.7,1.7,0.4,0.0,0.7,0.0,0.7,0.7,1.0,0.0,0.0,0.0,0.0,0.0,0.0,0.3,0.3,2.0
Isaiah Wong,IND,SG,1,4.0,1.0,3.0,0.333,0.0,1.0,0.0,0.0,0.0,,0.0,0.0,0.0,0.0,0.0,0.0,0.0,0.0,2.0
Justin Minaya,POR,SF,34,11.2,0.6,2.2,0.297,0.4,1.4,0.245,0.1,0.3,0.556,0.9,0.8,1.6,0.6,0.3,0.3,0.3,1.0,1.8
Daishen Nix,MIN,PG,15,3.3,0.6,1.6,0.375,0.4,1.1,0.353,0.2,0.4,0.5,0.1,0.1,0.2,0.4,0.3,0.0,0.3,0.1,1.8
Cody Zeller,NOP,C,43,7.4,0.6,1.4,0.419,0.0,0.1,0.333,0.5,0.9,0.605,1.1,1.5,2.6,0.9,0.2,0.1,0.4,1.0,1.8
Taj Gibson,2TM,PF,20,10.2,0.8,1.9,0.405,0.1,0.5,0.2,0.1,0.1,1.0,0.6,1.3,1.9,0.6,0.2,0.4,0.3,1.6,1.7
Taj Gibson,NYK,PF,16,10.3,0.4,1.4,0.304,0.0,0.4,0.0,0.1,0.1,1.0,0.6,1.1,1.8,0.6,0.1,0.4,0.3,1.8,1.0
Taj Gibson,DET,PF,4,9.8,2.0,3.5,0.571,0.5,1.0,0.5,0.0,0.0,,0.5,1.8,2.3,0.5,0.3,0.3,0.0,0.8,4.5
P.J. Tucker,2TM,PF,31,15.7,0.6,1.6,0.36,0.4,1.1,0.371,0.1,0.1,1.0,0.9,1.8,2.7,0.5,0.5,0.2,0.3,1.7,1.7
P.J. Tucker,PHI,PF,3,22.0,0.7,1.7,0.4,0.7,1.7,0.4,0.0,0.0,,0.3,4.3,4.7,0.0,1.0,0.7,0.7,3.0,2.0
P.J. Tucker,LAC,PF,28,15.0,0.6,1.6,0.356,0.4,1.1,0.367,0.1,0.1,1.0,1.0,1.6,2.5,0.6,0.5,0.2,0.2,1.6,1.6
Kessler Edwards,SAC,SF,54,5.1,0.6,1.5,0.415,0.4,1.0,0.385,0.1,0.2,0.556,0.2,0.6,0.8,0.3,0.2,0.1,0.1,0.5,1.7
Leonard Miller,MIN,SF,17,3.1,0.8,1.2,0.65,0.1,0.3,0.4,0.1,0.1,0.5,0.3,0.9,1.2,0.5,0.1,0.1,0.1,0.3,1.7
Jason Preston,UTA,PG,7,10.1,0.9,2.7,0.316,0.0,0.4,0.0,0.0,0.0,,0.9,1.6,2.4,2.3,0.3,0.1,0.3,0.4,1.7
Jordan Walsh,BOS,SF,9,9.2,0.7,1.7,0.4,0.2,1.0,0.222,0.1,0.2,0.5,0.6,1.7,2.2,0.6,0.6,0.1,0.3,1.2,1.7
Jalen Hood-Schifino,LAL,SG,21,5.2,0.5,2.1,0.222,0.1,0.7,0.133,0.6,1.0,0.6,0.1,0.5,0.6,0.4,0.1,0.1,0.4,0.6,1.6
Jett Howard,ORL,SF,18,3.7,0.6,1.7,0.333,0.4,1.4,0.28,0.1,0.2,0.5,0.1,0.3,0.4,0.3,0.1,0.1,0.2,0.2,1.6
Seth Lundy,ATL,SF,9,5.8,0.4,1.9,0.235,0.3,1.4,0.231,0.3,0.4,0.75,0.1,0.7,0.8,0.0,0.0,0.0,0.1,0.7,1.6
Jordan Miller,LAC,SF,8,3.5,0.6,1.1,0.556,0.1,0.3,0.5,0.3,0.3,1.0,0.4,0.3,0.6,0.0,0.0,0.0,0.1,0.3,1.6
Josh Minott,MIN,SF,32,2.8,0.5,1.1,0.472,0.1,0.3,0.4,0.4,0.4,0.857,0.1,0.4,0.5,0.3,0.2,0.2,0.1,0.3,1.6
Jalen Pickett,DEN,SG,27,4.5,0.6,1.3,0.429,0.3,0.9,0.36,0.1,0.1,0.75,0.0,0.5,0.5,0.8,0.1,0.0,0.3,0.5,1.6
Ibou Badji,POR,C,22,10.3,0.6,1.0,0.636,0.0,0.0,,0.3,0.5,0.5,0.9,1.4,2.3,0.6,0.1,0.9,0.7,2.1,1.5
Colin Castleton,LAL,C,16,3.7,0.6,1.0,0.563,0.0,0.0,,0.4,0.4,1.0,0.4,0.4,0.8,0.2,0.1,0.0,0.2,0.7,1.5
Adam Flagler,OKC,SG,2,7.0,0.5,3.5,0.143,0.5,3.0,0.167,0.0,0.0,,0.0,0.0,0.0,2.0,0.0,0.0,0.0,0.0,1.5
Dariq Whitehead,BRK,SF,2,12.0,0.5,2.5,0.2,0.0,1.5,0.0,0.5,1.0,0.5,0.0,2.0,2.0,1.5,0.0,0.5,0.0,0.0,1.5
Terry Taylor,CHI,PF,31,6.1,0.6,1.3,0.513,0.1,0.3,0.222,0.1,0.2,0.8,0.5,0.6,1.2,0.3,0.2,0.1,0.2,0.5,1.5
Jack White,MEM,SF,4,16.0,0.5,4.0,0.125,0.5,2.5,0.2,0.0,0.0,,1.0,2.0,3.0,0.3,1.0,0.3,0.5,0.8,1.5
Kendall Brown,IND,SG,15,4.2,0.5,1.0,0.533,0.0,0.1,0.0,0.3,0.5,0.625,0.2,0.1,0.3,0.3,0.0,0.0,0.1,0.6,1.4
Mason Jones,SAC,SG,5,5.6,0.4,1.6,0.25,0.4,1.4,0.286,0.2,0.4,0.5,0.2,0.8,1.0,1.0,0.2,0.0,0.4,0.6,1.4
Jerome Robinson,GSW,SG,22,3.7,0.5,1.5,0.333,0.1,0.8,0.118,0.3,0.5,0.636,0.0,0.2,0.3,0.2,0.0,0.1,0.1,0.2,1.4
Jermaine Samuels,HOU,SF,14,4.3,0.6,1.0,0.643,0.0,0.1,0.0,0.1,0.1,1.0,0.2,0.7,0.9,0.2,0.1,0.1,0.0,0.4,1.4
Jacob Toppin,NYK,SF,9,4.2,0.6,1.0,0.556,0.1,0.4,0.25,0.2,0.2,1.0,0.3,0.4,0.8,0.3,0.0,0.1,0.1,0.3,1.4
R.J. Hampton,MIA,PG,8,9.5,0.5,1.8,0.286,0.1,1.0,0.125,0.1,0.3,0.5,0.3,0.5,0.8,1.0,0.0,0.0,0.4,1.0,1.3
Nathan Mensah,CHO,C,25,12.3,0.5,1.1,0.429,0.0,0.0,,0.4,0.5,0.75,1.2,1.4,2.6,0.4,0.2,0.6,0.6,2.6,1.3
Isaiah Thomas,PHO,PG,6,3.2,0.5,1.7,0.3,0.3,0.7,0.5,0.0,0.0,,0.0,0.0,0.0,0.5,0.0,0.0,0.0,0.0,1.3
TyTy Washington Jr.,MIL,PG,11,5.1,0.5,1.8,0.3,0.2,0.5,0.333,0.0,0.0,,0.1,0.4,0.5,0.5,0.3,0.0,0.2,0.1,1.3
Jay Huff,DEN,C,20,2.5,0.5,0.8,0.6,0.2,0.5,0.333,0.1,0.1,1.0,0.1,0.5,0.6,0.1,0.1,0.2,0.1,0.5,1.2
Keyontae Johnson,OKC,SF,9,7.3,0.6,1.8,0.313,0.1,0.3,0.333,0.0,0.0,,0.4,0.7,1.1,0.4,0.1,0.0,0.4,0.6,1.2
Chris Livingston,MIL,SF,21,4.3,0.5,1.0,0.5,0.0,0.2,0.2,0.1,0.2,0.75,0.1,0.9,1.0,0.2,0.1,0.0,0.2,0.7,1.2
Braxton Key,DEN,SF,20,3.0,0.4,0.9,0.412,0.1,0.3,0.4,0.3,0.4,0.75,0.2,0.8,0.9,0.5,0.1,0.1,0.1,0.3,1.1
Robin Lopez,MIL,C,16,4.1,0.4,1.2,0.368,0.1,0.5,0.25,0.1,0.1,1.0,0.2,0.1,0.3,0.3,0.1,0.2,0.1,0.4,1.1
Admiral Schofield,ORL,PF,23,3.7,0.4,1.1,0.385,0.3,0.7,0.375,0.0,0.1,0.0,0.1,0.6,0.7,0.3,0.0,0.0,0.2,0.4,1.1
Hunter Tyson,DEN,PF,18,2.7,0.4,1.1,0.4,0.2,0.8,0.286,0.0,0.0,,0.1,0.4,0.5,0.1,0.1,0.0,0.1,0.6,1.1
Filip Petrusev,2TM,C,3,3.3,0.3,0.7,0.5,0.0,0.0,,0.3,0.7,0.5,0.0,0.3,0.3,0.0,0.0,0.0,0.0,0.3,1.0
Filip Petrusev,PHI,C,1,3.0,0.0,0.0,,0.0,0.0,,0.0,0.0,,0.0,1.0,1.0,0.0,0.0,0.0,0.0,0.0,0.0
Filip Petrusev,SAC,C,2,3.5,0.5,1.0,0.5,0.0,0.0,,0.5,1.0,0.5,0.0,0.0,0.0,0.0,0.0,0.0,0.0,0.5,1.5
Hamidou Diallo,WAS,SG,2,2.5,0.5,1.0,0.5,0.0,0.0,,0.0,0.0,,1.0,0.0,1.0,0.5,1.0,0.0,0.5,0.5,1.0
Frank Ntilikina,CHO,PG,5,8.6,0.2,1.8,0.111,0.2,1.6,0.125,0.4,0.4,1.0,0.2,1.0,1.2,0.8,0.0,0.0,0.2,0.8,1.0
Joshua Primo,LAC,SG,2,5.0,0.5,1.5,0.333,0.0,0.5,0.0,0.0,0.0,,0.5,0.0,0.5,0.0,0.0,0.5,2.0,0.0,1.0
Thanasis Antetokounmpo,MIL,PF,34,4.6,0.5,0.9,0.533,0.0,0.0,0.0,0.0,0.1,0.0,0.2,0.2,0.4,0.5,0.2,0.1,0.4,0.7,0.9
James Johnson,IND,PF,9,5.2,0.3,1.1,0.3,0.0,0.2,0.0,0.2,0.2,1.0,0.1,0.3,0.4,0.9,0.6,0.1,0.6,1.0,0.9
Charlie Brown Jr.,NYK,SG,8,4.6,0.3,1.3,0.2,0.3,0.9,0.286,0.0,0.0,,0.1,0.1,0.3,0.0,0.0,0.3,0.3,0.6,0.8
DaQuan Jeffries,NYK,SG,17,2.7,0.4,1.0,0.353,0.1,0.6,0.2,0.0,0.1,0.0,0.0,0.3,0.3,0.3,0.0,0.1,0.2,0.1,0.8
Shaquille Harrison,MEM,SG,3,2.0,0.3,0.7,0.5,0.0,0.0,,0.0,0.0,,0.0,0.7,0.7,0.0,0.0,0.3,0.0,0.0,0.7
Quenton Jackson,IND,PG,3,3.7,0.0,0.3,0.0,0.0,0.0,,0.7,0.7,1.0,0.0,1.3,1.3,0.7,0.3,0.0,0.0,0.3,0.7
Wendell Moore Jr.,MIN,SG,25,3.0,0.4,0.7,0.5,0.0,0.2,0.0,0.0,0.0,,0.0,0.5,0.5,0.2,0.2,0.0,0.2,0.2,0.7
Jalen Slawson,SAC,SF,12,3.1,0.3,0.5,0.667,0.0,0.2,0.0,0.0,0.0,,0.1,0.5,0.6,0.2,0.1,0.1,0.2,0.7,0.7
Pat Spencer,GSW,PG,6,4.3,0.3,0.7,0.5,0.0,0.3,0.0,0.0,0.0,,0.3,0.3,0.7,0.8,0.0,0.0,0.2,0.2,0.7
Alondes Williams,MIA,SG,7,2.3,0.3,1.1,0.25,0.0,0.6,0.0,0.1,0.1,1.0,0.0,0.1,0.1,0.0,0.0,0.1,0.3,0.3,0.7
Juan Toscano-Anderson,SAC,SF,11,4.8,0.3,1.1,0.25,0.1,0.4,0.25,0.0,0.0,,0.4,0.9,1.3,0.4,0.1,0.1,0.2,1.0,0.6
Usman Garuba,GSW,PF,6,3.0,0.2,1.0,0.167,0.0,0.2,0.0,0.2,0.3,0.5,0.5,0.7,1.2,0.2,0.2,0.5,0.3,0.3,0.5
E.J. Liddell,NOP,PF,8,2.9,0.1,0.8,0.167,0.0,0.6,0.0,0.3,0.3,1.0,0.0,0.6,0.6,0.1,0.3,0.3,0.3,0.3,0.5
Pete Nance,CLE,PF,8,3.4,0.1,0.8,0.167,0.1,0.1,1.0,0.0,0.3,0.0,0.0,0.4,0.4,0.0,0.1,0.0,0.1,0.3,0.4
Maxwell Lewis,LAL,SF,34,3.0,0.1,0.6,0.19,0.0,0.3,0.111,0.1,0.1,0.667,0.1,0.1,0.1,0.2,0.1,0.0,0.3,0.1,0.3
Ryan Arcidiacono,NYK,PG,20,2.3,0.0,0.3,0.0,0.0,0.3,0.0,0.0,0.0,,0.0,0.4,0.4,0.2,0.1,0.0,0.1,0.3,0.0
Malcolm Cazalon,DET,SG,1,3.0,0.0,0.0,,0.0,0.0,,0.0,0.0,,0.0,0.0,0.0,0.0,0.0,0.0,0.0,0.0,0.0
Jalen Crutcher,NOP,PG,1,3.0,0.0,1.0,0.0,0.0,0.0,,0.0,0.0,,0.0,0.0,0.0,0.0,0.0,0.0,0.0,0.0,0.0
Andrew Funk,CHI,SG,5,2.6,0.0,0.8,0.0,0.0,0.6,0.0,0.0,0.0,,0.0,0.0,0.0,0.0,0.2,0.2,0.0,0.0,0.0
Kaiser Gates,NOP,SF,1,7.0,0.0,4.0,0.0,0.0,2.0,0.0,0.0,0.0,,0.0,1.0,1.0,0.0,0.0,0.0,0.0,0.0,0.0
Danny Green,PHI,SG,2,9.0,0.0,1.0,0.0,0.0,0.5,0.0,0.0,0.0,,0.0,1.0,1.0,0.5,0.5,0.0,0.0,0.5,0.0
Ron Harper Jr.,TOR,PF,1,4.0,0.0,0.0,,0.0,0.0,,0.0,0.0,,0.0,0.0,0.0,1.0,0.0,0.0,0.0,2.0,0.0
Justin Jackson,MIN,SF,2,0.5,0.0,0.0,,0.0,0.0,,0.0,0.0,,0.0,0.0,0.0,0.0,0.0,0.0,0.0,0.0,0.0
Dmytro Skapintsev,NYK,C,2,1.0,0.0,0.5,0.0,0.0,0.0,,0.0,0.0,,0.0,0.0,0.0,0.0,0.0,0.0,0.0,0.0,0.0
Javonte Smart,PHI,PG,1,1.0,0.0,0.0,,0.0,0.0,,0.0,0.0,,0.0,0.0,0.0,0.0,0.0,0.0,0.0,0.0,0.0
